t_s,Tf_K
0.10000000,388.23709725
0.10139254,388.08808381
0.10280447,388.03657477
0.10423607,387.99833024
0.10568760,387.96667538
0.10715934,387.93910686
0.10865158,387.91436949
0.11016459,387.89173086
0.11169868,387.87072090
0.11325413,387.85101732
0.11483124,387.83238820
0.11643031,387.81466026
0.11805165,387.79770018
0.11969557,387.78140286
0.12136238,387.76568380
0.12305240,387.75047387
0.12476596,387.73571573
0.12650337,387.72136118
0.12826498,387.70736931
0.13005113,387.69370500
0.13186214,387.68033790
0.13369837,387.66724154
0.13556018,387.65439268
0.13744791,387.64177082
0.13936193,387.62935772
0.14130260,387.61713712
0.14327030,387.60509441
0.14526539,387.59321645
0.14728827,387.58149132
0.14933932,387.56990822
0.15141893,387.55845729
0.15352750,387.54712952
0.15566544,387.53591666
0.15783314,387.52481110
0.16003103,387.51380582
0.16225953,387.50289435
0.16451906,387.49207068
0.16681005,387.48132922
0.16913295,387.47066477
0.17148820,387.46007249
0.17387624,387.44954784
0.17629754,387.43908657
0.17875255,387.42868470
0.18124175,387.41833850
0.18376562,387.40804443
0.18632463,387.39779917
0.18891928,387.38759958
0.19155006,387.37744271
0.19421747,387.36732574
0.19692203,387.35724601
0.19966425,387.34720100
0.20244465,387.33718830
0.20526378,387.32720563
0.20812216,387.31725081
0.21102034,387.30732177
0.21395889,387.29741652
0.21693835,387.28753317
0.21995931,387.27766991
0.22302233,387.26782501
0.22612801,387.25799679
0.22927693,387.24818367
0.23246971,387.23838411
0.23570694,387.22859665
0.23898926,387.21881986
0.24231728,387.20905238
0.24569165,387.19929291
0.24911300,387.18954017
0.25258200,387.17979294
0.25609931,387.17005005
0.25966560,387.16031035
0.26328155,387.15057275
0.26694785,387.14083617
0.27066521,387.13109959
0.27443433,387.12136201
0.27825594,387.11162245
0.28213077,387.10187998
0.28605955,387.09213368
0.29004305,387.08238267
0.29408202,387.07262608
0.29817723,387.06286308
0.30232947,387.05309285
0.30653953,387.04331461
0.31080822,387.03352757
0.31513635,387.02373099
0.31952475,387.01392413
0.32397426,387.00410627
0.32848574,386.99427672
0.33306003,386.98443480
0.33769803,386.97457983
0.34240061,386.96471117
0.34716868,386.95482819
0.35200315,386.94493025
0.35690493,386.93501675
0.36187498,386.92508710
0.36691424,386.91514070
0.37202367,386.90517700
0.37720425,386.89519542
0.38245697,386.88519542
0.38778284,386.87517646
0.39318288,386.86513800
0.39865811,386.85507954
0.40420958,386.84500056
0.40983837,386.83490056
0.41554553,386.82477904
0.42133217,386.81463553
0.42719940,386.80446954
0.43314832,386.79428062
0.43918009,386.78406829
0.44529585,386.77383212
0.45149678,386.76357164
0.45778405,386.75328643
0.46415888,386.74297605
0.47062248,386.73264007
0.47717609,386.72227807
0.48382097,386.71188965
0.49055837,386.70147438
0.49738960,386.69103188
0.50431595,386.68056174
0.51133875,386.67006357
0.51845935,386.65953698
0.52567911,386.64898160
0.53299941,386.63839703
0.54042164,386.62778293
0.54794723,386.61713890
0.55557762,386.60646460
0.56331427,386.59575965
0.57115865,386.58502372
0.57911226,386.57425643
0.58717664,386.56345746
0.59535331,386.55262645
0.60364385,386.54176306
0.61204984,386.53086696
0.62057288,386.51993781
0.62921461,386.50897529
0.63797668,386.49797907
0.64686077,386.48694883
0.65586857,386.47588424
0.66500180,386.46478500
0.67426222,386.45365078
0.68365160,386.44248127
0.69317173,386.43127617
0.70282443,386.42003518
0.71261154,386.40875798
0.72253495,386.39744429
0.73259654,386.38609380
0.74279825,386.37470621
0.75314202,386.36328125
0.76362983,386.35181861
0.77426368,386.34031800
0.78504562,386.32877915
0.79597770,386.31720177
0.80706201,386.30558559
0.81830068,386.29393031
0.82969585,386.28223567
0.84124970,386.27050138
0.85296445,386.25872719
0.86484233,386.24691281
0.87688561,386.23505799
0.88909660,386.22316244
0.90147763,386.21122592
0.91403107,386.19924815
0.92675933,386.18722887
0.93966483,386.17516784
0.95275005,386.16306478
0.96601748,386.15091944
0.97946967,386.13873157
0.99310918,386.12650092
1.00693863,386.11422723
1.02096066,386.10191027
1.03517796,386.08954977
1.04959323,386.07714549
1.06420924,386.06469720
1.07902879,386.05220464
1.09405471,386.03966758
1.10928986,386.02708578
1.12473718,386.01445899
1.14039960,386.00178698
1.15628013,385.98906952
1.17238180,385.97630637
1.18870770,385.96349730
1.20526094,385.95064208
1.22204469,385.93774047
1.23906216,385.92479226
1.25631660,385.91179720
1.27381132,385.89875508
1.29154967,385.88566568
1.30953502,385.87252876
1.32777083,385.85934410
1.34626058,385.84611149
1.36500781,385.83283071
1.38401610,385.81950153
1.40328908,385.80612375
1.42283046,385.79269713
1.44264395,385.77922148
1.46273336,385.76569657
1.48310251,385.75212219
1.50375532,385.73849814
1.52469573,385.72482420
1.54592774,385.71110016
1.56745541,385.69732581
1.58928287,385.68350096
1.61141428,385.66962538
1.63385388,385.65569889
1.65660596,385.64172127
1.67967487,385.62769233
1.70306503,385.61361185
1.72678090,385.59947965
1.75082703,385.58529552
1.77520801,385.57105927
1.79992851,385.55677070
1.82499324,385.54242961
1.85040702,385.52803581
1.87617469,385.51358910
1.90230119,385.49908930
1.92879151,385.48453620
1.95565072,385.46992963
1.98288395,385.45526939
2.01049642,385.44055529
2.03849340,385.42578715
2.06688025,385.41096477
2.09566240,385.39608798
2.12484535,385.38115659
2.15443469,385.36617042
2.18443607,385.35112928
2.21485523,385.33603300
2.24569800,385.32088138
2.27697026,385.30567427
2.30867799,385.29041146
2.34082728,385.27509280
2.37342425,385.25971810
2.40647515,385.24428719
2.43998630,385.22879989
2.47396410,385.21325602
2.50841506,385.19765543
2.54334576,385.18199793
2.57876289,385.16628336
2.61467321,385.15051155
2.65108360,385.13468232
2.68800102,385.11879552
2.72543253,385.10285097
2.76338529,385.08684851
2.80186656,385.07078798
2.84088369,385.05466920
2.88044415,385.03849203
2.92055551,385.02225629
2.96122544,385.00596183
3.00246171,384.98960849
3.04427221,384.97319610
3.08666494,384.95672452
3.12964801,384.94019358
3.17322963,384.92360313
3.21741815,384.90695302
3.26222201,384.89024308
3.30764978,384.87347317
3.35371015,384.85664314
3.40041193,384.83975282
3.44776405,384.82280209
3.49577557,384.80579078
3.54445567,384.78871874
3.59381366,384.77158583
3.64385898,384.75439191
3.69460121,384.73713682
3.74605003,384.71982043
3.79821531,384.70244258
3.85110700,384.68500315
3.90473524,384.66750198
3.95911027,384.64993893
4.01424249,384.63231387
4.07014245,384.61462665
4.12682085,384.59687714
4.18428851,384.57906521
4.24255643,384.56119071
4.30163576,384.54325350
4.36153779,384.52525347
4.42227398,384.50719047
4.48385595,384.48906436
4.54629547,384.47087503
4.60960449,384.45262233
4.67379511,384.43430615
4.73887961,384.41592634
4.80487044,384.39748278
4.87178022,384.37897535
4.93962174,384.36040392
5.00840799,384.34176837
5.07815211,384.32306857
5.14886745,384.30430439
5.22056753,384.28547572
5.29326606,384.26658243
5.36697695,384.24762440
5.44171429,384.22860152
5.51749238,384.20951367
5.59432571,384.19036072
5.67222897,384.17114256
5.75121707,384.15185908
5.83130511,384.13251016
5.91250841,384.11309568
5.99484250,384.09361554
6.07832313,384.07406962
6.16296626,384.05445781
6.24878807,384.03477999
6.33580499,384.01503607
6.42403366,383.99522593
6.51349095,383.97534946
6.60419396,383.95540655
6.69616005,383.93539711
6.78940681,383.91532103
6.88395207,383.89517820
6.97981391,383.87496851
7.07701066,383.85469187
7.17556092,383.83434818
7.27548353,383.81393734
7.37679760,383.79345924
7.47952252,383.77291379
7.58367791,383.75230088
7.68928372,383.73162044
7.79636013,383.71087235
7.90492762,383.69005652
8.01500696,383.66917286
8.12661920,383.64822129
8.23978568,383.62720169
8.35452806,383.60611399
8.47086827,383.58495809
8.58882856,383.56373391
8.70843150,383.54244136
8.82969996,383.52108035
8.95265713,383.49965079
9.07732653,383.47815260
9.20373200,383.45658570
9.33189772,383.43495000
9.46184819,383.41324541
9.59360829,383.39147187
9.72720319,383.36962929
9.86265846,383.34771759
10.00000000,383.32573668
10.13925408,383.30368651
10.28044732,383.28156698
10.42360674,383.25937803
10.56875971,383.23711958
10.71593400,383.21479156
10.86515775,383.19239390
11.01645950,383.16992652
11.16986818,383.14738936
11.32541315,383.12478235
11.48312415,383.10210542
11.64303133,383.07935850
11.80516529,383.05654154
11.96955702,383.03365447
12.13623798,383.01069722
12.30524004,382.98766974
12.47659553,382.96457196
12.65033720,382.94140383
12.82649831,382.91816529
13.00511252,382.89485629
13.18621401,382.87147676
13.36983742,382.84802666
13.55601785,382.82450593
13.74479093,382.80091452
13.93619274,382.77725239
14.13025991,382.75351949
14.32702953,382.72971577
14.52653926,382.70584118
14.72882724,382.68189569
14.93393216,382.65787924
15.14189325,382.63379181
15.35275029,382.60963335
15.56654359,382.58540382
15.78331406,382.56110320
16.00310314,382.53673144
16.22595287,382.51228851
16.45190588,382.48777440
16.68100537,382.46318905
16.91329517,382.43853246
17.14881970,382.41380459
17.38762400,382.38900543
17.62975375,382.36413495
17.87525526,382.33919313
18.12417547,382.31417996
18.37656200,382.28909542
18.63246312,382.26393949
18.89192776,382.23871218
19.15500556,382.21341347
19.42174681,382.18804336
19.69220255,382.16260184
19.96642450,382.13708890
20.24446510,382.11150456
20.52637753,382.08584881
20.81221570,382.06012167
21.10203429,382.03432314
21.39588871,382.00845322
21.69383518,381.98251195
21.99593068,381.95649932
22.30223298,381.93041537
22.61280066,381.90426011
22.92769313,381.87803357
23.24697060,381.85173578
23.57069414,381.82536677
23.89892566,381.79892658
24.23172794,381.77241524
24.56916463,381.74583279
24.91130026,381.71917928
25.25820027,381.69245476
25.60993100,381.66565927
25.96655973,381.63879288
26.32815466,381.61185564
26.69478494,381.58484761
27.06652070,381.55776886
27.44343303,381.53061947
27.82559402,381.50339949
28.21307676,381.47610902
28.60595535,381.44874814
29.00430494,381.42131693
29.40820171,381.39381548
29.81772290,381.36624389
30.23294684,381.33860226
30.65395295,381.31089070
31.08082174,381.28310931
31.51363485,381.25525820
31.95247506,381.22733750
32.39742630,381.19934734
32.84857366,381.17128783
33.30600344,381.14315912
33.76980311,381.11496135
34.24006138,381.08669466
34.71686819,381.05835920
35.20031473,381.02995513
35.69049346,381.00148261
36.18749812,380.97294182
36.69142378,380.94433292
37.20236681,380.91565609
37.72042493,380.88691153
38.24569722,380.85809943
38.77828415,380.82921999
39.31828756,380.80027341
39.86581074,380.77125990
40.42095840,380.74217970
40.98383672,380.71303302
41.55455335,380.68382010
42.13321744,380.65454118
42.71993966,380.62519652
43.31483223,380.59578636
43.91800893,380.56631098
44.52958510,380.53677064
45.14967772,380.50716562
45.77840538,380.47749622
46.41588834,380.44776273
47.06224850,380.41796546
47.71760949,380.38810471
48.38209665,380.35818081
49.05583706,380.32819410
49.73895959,380.29814491
50.43159487,380.26803359
51.13387538,380.23786049
51.84593544,380.20762599
52.56791122,380.17733047
53.29994081,380.14697430
54.04216421,380.11655788
54.79472337,380.08608163
55.55776222,380.05554596
56.33142671,380.02495128
57.11586478,379.99429805
57.91122648,379.96358670
58.71766391,379.93281770
59.53533131,379.90199151
60.36438506,379.87110861
61.20498372,379.84016949
62.05728807,379.80917466
62.92146110,379.77812462
63.79766809,379.74701991
64.68607662,379.71586105
65.58685660,379.68464859
66.50018030,379.65338309
67.42622242,379.62206513
68.36516005,379.59069528
69.31717276,379.55927415
70.28244264,379.52780233
71.26115430,379.49628046
72.25349492,379.46470915
73.25965428,379.43308907
74.27982483,379.40142086
75.31420166,379.36970521
76.36298261,379.33794278
77.42636827,379.30613428
78.50456200,379.27428043
79.59777002,379.24238194
80.70620141,379.21043956
81.83006816,379.17845403
82.96958521,379.14642612
84.12497050,379.11435660
85.29644500,379.08224629
86.48423276,379.05009597
87.68856095,379.01790647
88.90965990,378.98567862
90.14776315,378.95341328
91.40310749,378.92111131
92.67593301,378.88877359
93.96648315,378.85640100
95.27500472,378.82399447
96.60174800,378.79155490
97.94696671,378.75908323
99.31091814,378.72658043
100.69386315,378.69404744
102.09606623,378.66148526
103.51779556,378.62889488
104.95932306,378.59627730
106.42092441,378.56363357
107.90287915,378.53096470
109.40547072,378.49827177
110.92898649,378.46555584
112.47371784,378.43281799
114.03996020,378.40005934
115.62801312,378.36728098
117.23818033,378.33448406
118.87076977,378.30166971
120.52609369,378.26883910
122.20446866,378.23599341
123.90621569,378.20313381
125.63166025,378.17026153
127.38113232,378.13737777
129.15496650,378.10448378
130.95350205,378.07158080
132.77708294,378.03867009
134.62605793,378.00575294
136.50078065,377.97283063
138.40160966,377.93990448
140.32890848,377.90697581
142.28304572,377.87404594
144.26439512,377.84111624
146.27333562,377.80818807
148.31025143,377.77526280
150.37553213,377.74234183
152.46957270,377.70942656
154.59277364,377.67651842
156.74554102,377.64361883
158.92828656,377.61072924
161.14142773,377.57785111
163.38538778,377.54498591
165.66059589,377.51213514
167.96748721,377.47930027
170.30650293,377.44648283
172.67809039,377.41368434
175.08270317,377.38090633
177.52080117,377.34815035
179.99285068,377.31541795
182.49932448,377.28271071
185.04070195,377.25003021
187.61746914,377.21737803
190.23011887,377.18475578
192.87915080,377.15216507
195.56507159,377.11960753
198.28839491,377.08708478
201.04964163,377.05459847
203.84933983,377.02215026
206.68802496,376.98974180
209.56623995,376.95737477
212.48453525,376.92505083
215.44346900,376.89277169
218.44360711,376.86053903
221.48552337,376.82835456
224.56979955,376.79621999
227.69702554,376.76413704
230.86779942,376.73210742
234.08272762,376.70013287
237.34242500,376.66821513
240.64751500,376.63635594
243.99862973,376.60455704
247.39641009,376.57282019
250.84150593,376.54114715
254.33457613,376.50953967
257.87628876,376.47799953
261.46732118,376.44652848
265.10836019,376.41512831
268.80010215,376.38380079
272.54325313,376.35254769
276.33852901,376.32137080
280.18665565,376.29027189
284.08836902,376.25925275
288.04441534,376.22831516
292.05555122,376.19746090
296.12254380,376.16669175
300.24617091,376.13600950
304.42722121,376.10541593
308.66649433,376.07491281
312.96480107,376.04450194
317.32296347,376.01418507
321.74181507,375.98396399
326.22220097,375.95384046
330.76497807,375.92381626
335.37101520,375.89389314
340.04119327,375.86407286
344.77640547,375.83435717
349.57755744,375.80474783
354.44556740,375.77524657
359.38136638,375.74585513
364.38589838,375.71657524
369.46012052,375.68740862
374.60500327,375.65835698
379.82153062,375.62942203
385.11070023,375.60060547
390.47352369,375.57190898
395.91102665,375.54333424
401.42424905,375.51488292
407.01424532,375.48655668
412.68208457,375.45835716
418.42885079,375.43028601
424.25564307,375.40234483
430.16357581,375.37453525
436.15377892,375.34685887
442.22739805,375.31931726
448.38559480,375.29191200
454.62954695,375.26464464
460.96044868,375.23751673
467.37951080,375.21052979
473.88796097,375.18368534
480.48704397,375.15698487
487.17802188,375.13042987
493.96217439,375.10402178
500.84079898,375.07776205
507.81521123,375.05165212
514.88674501,375.02569339
522.05675278,374.99988725
529.32660584,374.97423507
536.69769455,374.94873820
544.17142869,374.92339797
551.74923761,374.89821569
559.43257062,374.87319265
567.22289716,374.84833012
575.12170718,374.82362933
583.13051135,374.79909153
591.25084138,374.77471790
599.48425032,374.75050963
607.83231283,374.72646787
616.29662551,374.70259375
624.87880720,374.67888839
633.58049927,374.65535285
642.40336594,374.63198820
651.34909463,374.60879547
660.41939623,374.58577567
669.61600549,374.56292978
678.94068127,374.54025875
688.39520696,374.51776352
697.98139078,374.49544497
707.70106612,374.47330399
717.55609189,374.45134143
727.54835292,374.42955809
737.67976025,374.40795477
747.95225156,374.38653224
758.36779150,374.36529121
768.92837208,374.34423241
779.63601304,374.32335650
790.49276227,374.30266412
801.50069616,374.28215590
812.66192001,374.26183241
823.97856845,374.24169421
835.45280584,374.22174183
847.08682666,374.20197576
858.88285595,374.18239645
870.84314977,374.16300435
882.96999555,374.14379986
895.26571260,374.12478333
907.73265252,374.10595511
920.37319966,374.08731551
933.18977157,374.06886479
946.18481947,374.05060320
959.36082871,374.03253095
972.72031925,374.01464822
986.26584613,373.99695514
1000.00000000,373.97945184
1013.92540756,373.96213839
1028.04473209,373.94501484
1042.36067398,373.92808120
1056.87597118,373.91133746
1071.59339982,373.89478357
1086.51577465,373.87841944
1101.64594963,373.86224496
1116.98681847,373.84625999
1132.54131515,373.83046433
1148.31241454,373.81485778
1164.30313292,373.79944009
1180.51652857,373.78421098
1196.95570236,373.76917015
1213.62379834,373.75431725
1230.52400436,373.73965191
1247.65955263,373.72517371
1265.03372040,373.71088224
1282.64983053,373.69677700
1300.51125217,373.68285750
1318.62140139,373.66912322
1336.98374182,373.65557358
1355.60178533,373.64220799
1374.47909268,373.62902583
1393.61927422,373.61602643
1413.02599060,373.60320912
1432.70295341,373.59057318
1452.65392595,373.57811786
1472.88272391,373.56584239
1493.39321612,373.55374595
1514.18932530,373.54182773
1535.27502878,373.53008686
1556.65435927,373.51852245
1578.33140565,373.50713357
1600.31031374,373.49591929
1622.59528708,373.48487864
1645.19058775,373.47401061
1668.10053720,373.46331418
1691.32951703,373.45278830
1714.88196987,373.44243190
1738.76240022,373.43224387
1762.97537529,373.42222308
1787.52552590,373.41236839
1812.41754737,373.40267862
1837.65620039,373.39315258
1863.24631193,373.38378904
1889.19277621,373.37458677
1915.50055557,373.36554450
1942.17468149,373.35666094
1969.22025548,373.34793480
1996.64245011,373.33936475
2024.44650998,373.33094943
2052.63775271,373.32268750
2081.22156999,373.31457756
2110.20342857,373.30661822
2139.58887134,373.29880806
2169.38351839,373.29114565
2199.59306803,373.28362953
2230.22329797,373.27625824
2261.28006634,373.26903030
2292.76931287,373.26194422
2324.69705999,373.25499849
2357.06941400,373.24819159
2389.89256623,373.24152198
2423.17279424,373.23498812
2456.91646298,373.22858845
2491.13002607,373.22232141
2525.82002696,373.21618542
2560.99310026,373.21017890
2596.65597293,373.20430025
2632.81546565,373.19854787
2669.47849403,373.19292015
2706.65207003,373.18741547
2744.34330323,373.18203222
2782.55940221,373.17676876
2821.30767594,373.17162347
2860.59553518,373.16659471
2900.43049386,373.16168084
2940.82017059,373.15688023
2981.77229002,373.15219122
3023.29468441,373.14761218
3065.39529506,373.14314145
3108.08217387,373.13877740
3151.36348487,373.13451838
3195.24750576,373.13036274
3239.74262953,373.12630885
3284.85736603,373.12235506
3330.60034362,373.11849974
3376.98031083,373.11474125
3424.00613797,373.11107798
3471.68681893,373.10750829
3520.03147280,373.10403056
3569.04934568,373.10064319
3618.74981241,373.09734457
3669.14237840,373.09413309
3720.23668141,373.09100718
3772.04249342,373.08796524
3824.56972247,373.08500571
3877.82841459,373.08212701
3931.82875571,373.07932759
3986.58107358,373.07660592
4042.09583980,373.07396044
4098.38367176,373.07138965
4155.45533472,373.06889202
4213.32174385,373.06646606
4271.99396631,373.06411028
4331.48322338,373.06182321
4391.80089260,373.05960339
4452.95850994,373.05744936
4514.96777204,373.05535970
4577.84053838,373.05333299
4641.58883361,373.05136782
4706.22484984,373.04946280
4771.76094894,373.04761656
4838.20966493,373.04582774
4905.58370637,373.04409501
4973.89595879,373.04241702
5043.15948717,373.04079249
5113.38753841,373.03922010
5184.59354389,373.03769859
5256.79112202,373.03622670
5329.99408084,373.03480319
5404.21642071,373.03342684
5479.47233690,373.03209644
5555.77622240,373.03081080
5633.14267060,373.02956875
5711.58647813,373.02836915
5791.12264764,373.02721086
5871.76639073,373.02609277
5953.53313081,373.02501377
6036.43850608,373.02397281
6120.49837248,373.02296880
6205.72880678,373.02200073
6292.14610961,373.02106756
6379.76680861,373.02016830
6468.60766155,373.01930196
6558.68565957,373.01846757
6650.01803043,373.01766420
6742.62224178,373.01689091
6836.51600451,373.01614679
6931.71727616,373.01543097
7028.24426431,373.01474256
7126.11543011,373.01408071
7225.34949179,373.01344460
7325.96542822,373.01283339
7427.98248256,373.01224631
7531.42016597,373.01168256
7636.29826128,373.01114138
7742.63682681,373.01062204
7850.45620020,373.01012380
7959.77700231,373.00964596
8070.62014115,373.00918783
8183.00681587,373.00874872
8296.95852083,373.00832799
8412.49704974,373.00792500
8529.64449974,373.00753911
8648.42327573,373.00716973
8768.85609459,373.00681626
8890.96598953,373.00647813
9014.77631452,373.00615477
9140.31074876,373.00584565
9267.59330115,373.00555023
9396.64831495,373.00526801
9527.50047243,373.00499847
9660.17479952,373.00474115
9794.69667070,373.00449556
9931.09181375,373.00426126
10069.38631476,373.00403780
10209.60662306,373.00382475
10351.77955630,373.00362170
10495.93230558,373.00342824
10642.09244065,373.00324399
10790.28791516,373.00306858
10940.54707206,373.00290163
11092.89864895,373.00274280
11247.37178365,373.00259174
11403.99601970,373.00244812
11562.80131207,373.00231163
11723.81803287,373.00218197
11887.07697712,373.00205883
12052.60936871,373.00194193
12220.44686631,373.00183100
12390.62156948,373.00172576
12563.16602474,373.00162597
12738.11323186,373.00153138
12915.49665015,373.00144175
13095.35020483,373.00135685
13277.70829355,373.00127647
13462.60579299,373.00120039
13650.07806546,373.00112841
13840.16096573,373.00106033
14032.89084786,373.00099598
14228.30457214,373.00093517
14426.43951218,373.00087772
14627.33356201,373.00082348
14831.02514336,373.00077228
15037.55321300,373.00072398
15246.95727018,373.00067843
15459.27736419,373.00063548
15674.55410206,373.00059501
15892.82865623,373.00055689
16114.14277253,373.00052100
16338.53877810,373.00048722
16566.05958950,373.00045544
16796.74872093,373.00042555
17030.65029253,373.00039746
17267.80903884,373.00037107
17508.27031736,373.00034628
17752.08011718,373.00032301
17999.28506782,373.00030117
18249.93244816,373.00028069
18504.07019542,373.00026149
18761.74691439,373.00024349
19023.01188669,373.00022664
19287.91508021,373.00021085
19556.50715866,373.00019608
19828.83949127,373.00018226
20104.96416260,373.00016934
20384.93398252,373.00015726
20668.80249629,373.00014598
20956.62399480,373.00013545
21248.45352499,373.00012562
21544.34690032,373.00011644
21844.36071149,373.00010789
22148.55233726,373.00009992
22456.97995540,373.00009249
22769.70255382,373.00008558
23086.77994187,373.00007914
23408.27276178,373.00007315
23734.24250024,373.00006759
24064.75150015,373.00006241
24399.86297260,373.00005761
24739.64100887,373.00005315
25084.15059278,373.00004901
25433.45761305,373.00004517
25787.62887594,373.00004161
26146.73211801,373.00003831
26510.83601909,373.00003525
26880.01021538,373.00003243
27254.32531281,373.00002981
27633.85290053,373.00002739
28018.66556459,373.00002515
28408.83690183,373.00002309
28804.44153396,373.00002118
29205.55512183,373.00001942
29612.25437988,373.00001780
30024.61709086,373.00001630
30442.72212064,373.00001492
30866.64943337,373.00001366
31296.48010671,373.00001249
31732.29634735,373.00001141
32174.18150676,373.00001043
32622.22009712,373.00000952
33076.49780744,373.00000869
33537.10152003,373.00000792
34004.11932704,373.00000722
34477.64054734,373.00000658
34957.75574363,373.00000599
35444.55673970,373.00000545
35938.13663805,373.00000495
36438.58983764,373.00000450
36946.01205199,373.00000409
37460.50032749,373.00000371
37982.15306191,373.00000337
38511.07002326,373.00000305
39047.35236886,373.00000277
39591.10266468,373.00000251
40142.42490499,373.00000227
40701.42453219,373.00000205
41268.20845703,373.00000185
41842.88507902,373.00000168
42425.56430718,373.00000151
43016.35758107,373.00000137
43615.37789208,373.00000123
44222.73980506,373.00000111
44838.55948021,373.00000100
45462.95469532,373.00000090
46096.04486828,373.00000081
46737.95107992,373.00000073
47388.79609718,373.00000065
48048.70439655,373.00000059
48717.80218795,373.00000053
49396.21743878,373.00000047
50084.07989848,373.00000042
50781.52112328,373.00000038
51488.67450137,373.00000034
52205.67527847,373.00000030
52932.66058361,373.00000027
53669.76945540,373.00000024
54417.14286866,373.00000022
55174.92376129,373.00000019
55943.25706169,373.00000017
56722.28971645,373.00000015
57512.17071842,373.00000014
58313.05113526,373.00000012
59125.08413832,373.00000011
59948.42503189,373.00000010
60783.23128297,373.00000008
61629.66255133,373.00000007
62487.88072007,373.00000007
63358.04992658,373.00000006
64240.33659394,373.00000005
65134.90946273,373.00000005
66041.93962330,373.00000004
66961.60054853,373.00000004
67894.06812696,373.00000003
68839.52069645,373.00000003
69798.13907831,373.00000002
70770.10661182,373.00000002
71755.60918937,373.00000002
72754.83529196,373.00000002
73767.97602528,373.00000001
74795.22515622,373.00000001
75836.77914997,373.00000001
76892.83720758,373.00000001
77963.60130405,373.00000001
79049.27622696,373.00000001
80150.06961565,373.00000001
81266.19200092,373.00000001
82397.85684529,373.00000001
83545.28058383,373.00000000
84708.68266557,373.00000000
85888.28559546,373.00000000
87084.31497691,373.00000000
88296.99955494,373.00000000
89526.57125996,373.00000000
90773.26525210,373.00000000
92037.31996618,373.00000000
93318.97715733,373.00000000
94618.48194722,373.00000000
95936.08287093,373.00000000
97272.03192451,373.00000000
98626.58461313,373.00000000
100000.00000000,373.00000000
