logA,H_star,x,beta,T0
-25.000000,158491.870796,0.020000,0.087602,400.000000
-23.708332,158491.871032,0.020000,0.116773,400.000000
-23.381029,158491.871074,0.020000,0.206103,400.000000
-23.377960,158491.871104,0.020000,0.213670,400.000000
-23.494807,158491.871057,0.020000,0.172050,400.000000
-23.184863,158491.871109,0.020000,0.163228,400.000000
-25.000000,158491.870546,0.020000,0.129292,400.000000
-23.356791,158491.871071,0.020000,0.198137,400.000000
-23.582096,158491.871140,0.020000,0.188899,400.000000
-25.000000,158491.870941,0.020000,0.101622,400.000000
-23.042388,158491.871173,0.020000,0.238013,400.000000
-24.907326,158491.870843,0.020000,0.091708,400.000000
-23.582768,158491.871054,0.020000,0.171816,400.000000
-19.832321,153116.924630,0.122079,0.447446,400.000000
-23.461388,158491.871145,0.020000,0.190195,400.000000
-19.987355,158491.871700,0.020000,0.715804,400.000000
-25.000000,158491.870515,0.020000,0.121945,400.000000
-20.528174,158491.871509,0.359691,0.050000,399.997382
-25.000000,158491.870346,0.020000,0.141899,400.000000
-23.644027,158491.871068,0.020000,0.149170,400.000000
-24.867549,158491.870869,0.020000,0.079556,400.000000
-23.813657,158491.871028,0.020000,0.150763,400.000000
-23.248710,158491.871162,0.020000,0.223815,400.000000
-16.699610,158494.608247,0.020000,0.225073,370.000000
-25.000000,158491.870617,0.020000,0.100524,400.000000
-24.034401,158491.871038,0.020000,0.050000,400.000000
-25.000000,158491.870794,0.020000,0.107781,400.000000
-23.382179,158491.871095,0.020000,0.196663,400.000000
-25.000000,158491.870455,0.020000,0.136356,400.000000
-25.000000,158491.870801,0.020000,0.104973,400.000000
-25.000000,158491.870766,0.020000,0.115244,400.000000
-24.079630,158491.870975,0.020000,0.107006,400.000000
-23.197594,158491.871104,0.020000,0.210418,400.000000
-23.069647,158491.871149,0.020000,0.266135,400.000000
-24.850725,158491.870440,0.020000,0.140247,400.000000
-24.116878,158491.870968,0.020000,0.131706,400.000000
-23.212495,158491.871249,0.020000,0.244057,400.000000
-24.407110,158491.870703,0.020000,0.161561,400.000000
-23.498473,158491.871075,0.020000,0.173843,400.000000
-25.000000,158491.870539,0.020000,0.136973,400.000000
-23.488936,158491.871086,0.020000,0.173483,400.000000
-23.607009,158491.871067,0.020000,0.169192,400.000000
-23.864386,158491.871043,0.020000,0.140805,400.000000
-24.579410,158491.870897,0.020000,0.087490,400.000000
-25.000000,158491.870727,0.020000,0.095203,400.000000
-23.622447,158491.871066,0.020000,0.167397,400.000000
-23.691998,158491.871042,0.020000,0.143300,400.000000
-23.186767,158491.871105,0.020000,0.220485,400.000000
-23.310142,158491.871292,0.020000,0.218640,400.000000
-24.608141,158491.870876,0.020000,0.102670,400.000000
-22.987585,158491.871145,0.020000,0.172768,400.000000
-25.000000,158491.870819,0.020000,0.118834,400.000000
-23.444901,158491.871072,0.020000,0.187376,400.000000
-23.552297,158491.871070,0.020000,0.180323,400.000000
-25.000000,158491.870819,0.020000,0.116543,400.000000
-25.000000,158491.870395,0.020000,0.137759,400.000000
-25.000000,158491.870779,0.020000,0.109124,400.000000
-25.000000,158491.870398,0.020000,0.130521,400.000000
-23.352021,158491.871224,0.020000,0.205499,400.000000
-25.000000,158491.870657,0.020000,0.079854,400.000000
-25.000000,158491.870870,0.020000,0.105587,400.000000
-25.000000,158491.870220,0.020000,0.136594,400.000000
-25.000000,158491.870824,0.020000,0.082233,400.000000
-25.000000,158491.870561,0.020000,0.134004,400.000000
-25.000000,158491.870902,0.020000,0.092291,400.000000
-20.814304,158491.871439,0.148127,0.395237,400.000000
-23.866410,158491.871011,0.020000,0.143716,400.000000
-23.651678,158491.871092,0.020000,0.174069,400.000000
-22.747601,158491.792864,0.464959,0.900000,370.000000
-18.028531,158491.872138,0.020000,0.143198,399.859544
-25.000000,158491.870384,0.020000,0.128024,400.000000
-23.133390,158491.871129,0.020000,0.193772,400.000000
-25.000000,158491.870221,0.020000,0.134103,400.000000
-23.464062,158491.871113,0.020000,0.188551,400.000000
-22.266283,158491.871260,0.450942,0.050000,399.995845
-25.000000,158491.870679,0.020000,0.085801,400.000000
-23.097887,158491.871112,0.020000,0.193471,400.000000
-23.955559,158491.871092,0.020000,0.137181,400.000000
-22.786680,158491.870548,0.020000,0.162426,400.000000
-25.000000,158491.870801,0.020000,0.073982,400.000000
-23.497393,158491.871071,0.020000,0.177131,400.000000
-25.000000,158491.870745,0.020000,0.093020,400.000000
-25.000000,158491.870903,0.020000,0.112011,400.000000
-25.000000,158491.870259,0.020000,0.132209,400.000000
-23.879295,158491.871328,0.477510,0.050000,400.000000
-25.000000,158491.869863,0.020000,0.135870,400.000000
-24.392416,158491.870966,0.020000,0.120268,400.000000
-15.410951,158491.872281,0.144980,0.050000,399.950004
-21.323889,158491.871441,0.391351,0.050000,400.000000
-23.762989,158491.871057,0.020000,0.149528,400.000000
-24.451591,158491.887814,0.020000,0.118723,397.136361
-24.042038,158491.871076,0.020000,0.133329,400.000000
-23.311888,158491.871185,0.020000,0.232648,400.000000
-25.000000,158491.870671,0.020000,0.065677,400.000000
-20.478659,158491.871370,0.020000,0.900000,400.000000
-23.613620,158491.871047,0.020000,0.123656,400.000000
-23.848998,158491.871017,0.020000,0.133334,400.000000
-25.000000,158491.871004,0.020000,0.050000,400.000000
-23.955272,158491.870995,0.020000,0.119270,400.000000
-23.800606,158491.871019,0.020000,0.123341,400.000000
-24.083141,158491.871030,0.020000,0.132553,400.000000
-25.000000,158491.870861,0.020000,0.103728,400.000000
-23.438059,158491.871051,0.020000,0.050000,400.000000
-24.562015,158491.870952,0.020000,0.116489,400.000000
-24.339847,158491.870905,0.020000,0.109822,400.000000
-23.233636,158491.871195,0.020000,0.224535,400.000000
-23.564811,158491.871064,0.020000,0.165313,400.000000
-23.544750,158491.871073,0.020000,0.160799,400.000000
-20.291934,158491.877580,0.020000,0.900000,400.000000
-24.543915,158491.870914,0.020000,0.096685,400.000000
-23.559745,158491.871102,0.020000,0.182124,400.000000
-25.000000,158491.871068,0.020000,0.096302,400.000000
-23.642150,158491.871057,0.020000,0.165599,400.000000
-25.000000,158491.870839,0.020000,0.097627,400.000000
-24.668034,158491.870695,0.020000,0.100352,400.000000
-19.899228,158491.860484,0.020000,0.413900,400.000000
-24.125817,158491.870863,0.020000,0.156237,400.000000
-24.647354,158491.870855,0.020000,0.101497,400.000000
-25.000000,158491.870095,0.020000,0.135321,400.000000
-23.803857,158491.871032,0.020000,0.148018,400.000000
-25.000000,158491.870835,0.020000,0.058006,400.000000
-22.985183,158491.871143,0.020000,0.200740,400.000000
-25.000000,158491.870895,0.020000,0.094715,400.000000
-25.000000,158491.869950,0.020000,0.144526,400.000000
-24.333583,158491.871002,0.020000,0.119550,400.000000
-20.825877,158491.871478,0.397096,0.050000,400.000000
-25.000000,158491.870585,0.020000,0.076636,400.000000
-24.042035,158491.870985,0.020000,0.141645,400.000000
-23.314652,158491.871116,0.020000,0.202977,400.000000
-22.932417,158491.871165,0.020000,0.216321,400.000000
-25.000000,158491.870818,0.020000,0.090267,400.000000
-25.000000,158491.870457,0.020000,0.126744,400.000000
-23.277214,158491.871099,0.020000,0.198110,400.000000
-21.568978,158491.871271,0.327158,0.462754,400.000000
-23.743188,158491.871040,0.020000,0.145271,400.000000
-23.763174,158491.871060,0.020000,0.166306,400.000000
-23.400551,158491.871155,0.020000,0.198776,400.000000
-24.079932,158491.870996,0.020000,0.139350,400.000000
-23.905007,158491.871014,0.020000,0.152625,400.000000
-23.336984,158491.871090,0.020000,0.195647,400.000000
-24.070225,158491.870976,0.020000,0.121781,400.000000
-23.799001,158491.871057,0.020000,0.149670,400.000000
-25.000000,158491.870890,0.020000,0.109898,400.000000
-24.300225,158491.871040,0.020000,0.117913,400.000000
-25.000000,158491.870396,0.020000,0.122831,400.000000
-25.000000,158491.870840,0.020000,0.099430,400.000000
-24.399724,158491.869428,0.020000,0.078325,400.000000
-25.000000,158491.870181,0.020000,0.134622,400.000000
-23.600517,158491.871055,0.020000,0.161589,400.000000
-25.000000,158491.870209,0.020000,0.139763,400.000000
-25.000000,158491.870643,0.020000,0.119989,400.000000
-24.972761,158491.870840,0.020000,0.089596,400.000000
-23.360102,158491.871374,0.020000,0.282876,400.000000
-25.000000,158491.870351,0.020000,0.127182,400.000000
-23.188890,158491.871096,0.020000,0.205350,400.000000
-24.005418,158491.870988,0.020000,0.121913,400.000000
-20.705137,158491.871504,0.206074,0.359026,400.000000
-23.503345,158491.871107,0.020000,0.181985,400.000000
-23.864515,158491.871025,0.020000,0.159629,400.000000
-23.609583,158491.871058,0.020000,0.174468,400.000000
-23.935549,158491.871007,0.020000,0.133611,400.000000
-20.361133,158491.871399,0.065231,0.900000,400.000000
-23.256328,158491.871195,0.020000,0.229958,400.000000
-23.409940,158491.871081,0.020000,0.188541,400.000000
-25.000000,158491.870776,0.020000,0.070707,400.000000
-14.685623,158491.872467,0.066976,0.050000,400.000000
-24.185531,158491.870958,0.020000,0.115520,400.000000
-25.000000,158491.870642,0.020000,0.121850,400.000000
-25.000000,158491.870780,0.020000,0.076145,400.000000
-25.000000,158491.870540,0.020000,0.131482,400.000000
-24.576918,158491.870884,0.020000,0.102531,400.000000
-22.851316,158491.871143,0.020000,0.276547,400.000000
-23.233100,158491.871132,0.020000,0.199363,400.000000
-23.332320,158491.871194,0.020000,0.229149,400.000000
-23.329331,158491.871151,0.020000,0.175039,400.000000
-23.378628,158491.871135,0.020000,0.180800,400.000000
-23.718077,158491.871035,0.020000,0.137971,400.000000
-24.058011,158491.870983,0.020000,0.100193,400.000000
-25.000000,158491.870563,0.020000,0.122070,400.000000
-25.000000,158491.870778,0.020000,0.087047,400.000000
-24.072240,158491.871081,0.020000,0.132219,400.000000
-25.000000,158491.870694,0.020000,0.118197,400.000000
-20.271427,158491.912658,0.056680,0.531026,400.000000
-20.551352,158491.871467,0.051575,0.900000,400.000000
-23.833466,158491.871022,0.020000,0.138883,400.000000
-23.114594,158491.871368,0.020000,0.292185,400.000000
-23.751689,158491.871050,0.020000,0.142324,400.000000
-23.531457,158491.871066,0.020000,0.150788,400.000000
-24.200207,158491.871106,0.020000,0.121789,400.000000
-24.655591,158491.870895,0.020000,0.093078,400.000000
-24.800596,158491.870893,0.020000,0.050000,400.000000
-23.992431,158491.870990,0.020000,0.109988,400.000000
-23.332659,158491.871077,0.020000,0.261601,400.000000
-24.732787,158491.870845,0.020000,0.094849,400.000000
-25.000000,158491.869040,0.624623,0.191857,399.999971
-25.000000,158491.870850,0.020000,0.106284,400.000000
-23.478816,158491.871115,0.020000,0.246149,400.000000
-24.957428,158491.870803,0.020000,0.081084,400.000000
