Index,t/s,Ts/Cel,Tr/Cel,Value/(Wg^-1)
0,0,200.001,200.000,0.00356993
1,1,199.008,199.000,0.026541
2,2,198.014,198.000,0.0475368
3,3,197.019,197.000,0.0652981
4,4,196.021,196.000,0.0726403
5,5,195.024,195.000,0.0829236
6,6,194.030,194.000,0.103743
7,7,193.039,193.000,0.133735
8,8,192.053,192.000,0.180454
9,9,191.067,191.000,0.22973
10,10,190.081,190.000,0.279066
11,11,189.095,189.000,0.327361
12,12,188.108,188.000,0.37107
13,13,187.119,187.000,0.412214
14,14,186.130,186.000,0.45046
15,15,185.140,185.000,0.486852
16,16,184.149,184.000,0.518962
17,17,183.157,183.000,0.549021
18,18,182.165,182.000,0.576731
19,19,181.172,181.000,0.602868
20,20,180.178,180.000,0.625503
21,21,179.184,179.000,0.646491
22,22,178.189,178.000,0.665703
23,23,177.193,177.000,0.683782
24,24,176.197,176.000,0.699143
25,25,175.201,175.000,0.71334
26,26,174.204,174.000,0.726081
27,27,173.206,173.000,0.73791
28,28,172.209,172.000,0.747954
29,29,171.211,171.000,0.757023
30,30,170.212,170.000,0.765187
31,31,169.214,169.000,0.772738
32,32,168.215,168.000,0.778604
33,33,167.216,167.000,0.784109
34,34,166.217,166.000,0.788803
35,35,165.217,165.000,0.792925
36,36,164.218,164.000,0.79631
37,37,163.218,163.000,0.799342
38,38,162.218,162.000,0.801913
39,39,161.218,161.000,0.804179
40,40,160.218,160.000,0.805812
41,41,159.218,159.000,0.807224
42,42,158.218,158.000,0.808334
43,43,157.217,157.000,0.809254
44,44,156.217,156.000,0.809653
45,45,155.216,155.000,0.809841
46,46,154.216,154.000,0.809817
47,47,153.215,153.000,0.809762
48,48,152.214,152.000,0.809232
49,49,151.214,151.000,0.808529
50,50,150.213,150.000,0.807733
51,51,149.212,149.000,0.806885
52,52,148.211,148.000,0.805598
53,53,147.210,147.000,0.804158
54,54,146.209,146.000,0.802516
55,55,145.208,145.000,0.800802
56,56,144.207,144.000,0.798887
57,57,143.206,143.000,0.796788
58,58,142.205,142.000,0.794305
59,59,141.203,141.000,0.791337
60,60,140.202,140.000,0.787948
61,61,139.200,139.000,0.78441
62,62,138.199,138.000,0.780701
63,63,137.197,137.000,0.77696
64,64,136.196,136.000,0.773178
65,65,135.194,135.000,0.769382
66,66,134.192,134.000,0.765493
67,67,133.191,133.000,0.761545
68,68,132.189,132.000,0.757352
69,69,131.188,131.000,0.753141
70,70,130.186,130.000,0.748916
71,71,129.184,129.000,0.744593
72,72,128.183,128.000,0.740128
73,73,127.181,127.000,0.735486
74,74,126.179,126.000,0.730483
75,75,125.177,125.000,0.725033
76,76,124.175,124.000,0.719361
77,77,123.173,123.000,0.7138
78,78,122.172,122.000,0.708242
79,79,121.170,121.000,0.702586
80,80,120.168,120.000,0.696511
81,81,119.165,119.000,0.690062
82,82,118.163,118.000,0.683762
83,83,117.162,117.000,0.677943
84,84,116.160,116.000,0.672581
85,85,115.158,115.000,0.667127
86,86,114.156,114.000,0.661641
87,87,113.154,113.000,0.656132
88,88,112.152,112.000,0.650524
89,89,111.151,111.000,0.644924
90,90,110.149,110.000,0.639108
91,91,109.147,109.000,0.632895
92,92,108.145,108.000,0.626549
93,93,107.143,107.000,0.619415
94,94,106.140,106.000,0.611503
95,95,105.138,105.000,0.605203
96,96,104.137,104.000,0.600798
97,97,103.135,103.000,0.596231
98,98,102.134,102.000,0.591418
99,99,101.132,101.000,0.586454
100,100,100.130,100.000,0.581089
101,101,99.129,99.000,0.575701
102,102,98.127,98.000,0.570217
103,103,97.125,97.000,0.564707
104,104,96.124,96.000,0.558789
105,105,95.122,95.000,0.552673
106,106,94.120,94.000,0.546242
107,107,93.118,93.000,0.539546
108,108,92.116,92.000,0.532185
109,109,91.114,91.000,0.52453
110,110,90.112,90.000,0.516465
111,111,89.109,89.000,0.508149
112,112,88.107,88.000,0.499184
113,113,87.105,87.000,0.489899
114,114,86.102,86.000,0.480182
115,115,85.100,85.000,0.470196
116,116,84.097,84.000,0.459738
117,117,83.094,83.000,0.449126
118,118,82.092,82.000,0.438348
119,119,81.089,81.000,0.427515
120,120,80.087,80.000,0.416696
121,121,79.084,79.000,0.405896
122,122,78.081,78.000,0.395099
123,123,77.079,77.000,0.384412
124,124,76.076,76.000,0.373896
125,125,75.074,75.000,0.363717
126,126,74.072,74.000,0.353753
127,127,73.069,73.000,0.34428
128,128,72.067,72.000,0.335007
129,129,71.065,71.000,0.326304
130,130,70.063,70.000,0.317827
131,131,69.061,69.000,0.309626
132,132,68.060,68.000,0.301613
133,133,67.058,67.000,0.294044
134,134,66.056,66.000,0.28663
135,135,65.054,65.000,0.279443
136,136,64.053,64.000,0.272424
137,137,63.051,63.000,0.265747
138,138,62.050,62.000,0.259194
139,139,61.048,61.000,0.252893
140,140,60.047,60.000,0.246812
141,141,59.046,59.000,0.241264
142,142,58.044,58.000,0.235877
143,143,57.043,57.000,0.230679
144,144,56.042,56.000,0.225553
145,145,55.041,55.000,0.220642
146,146,54.040,54.000,0.215764
147,147,53.039,53.000,0.211099
148,148,52.038,52.000,0.206568
149,149,51.037,51.000,0.202445
150,150,50.036,50.000,0.19842
151,151,49.035,49.000,0.194416
152,152,48.034,48.000,0.190453
153,153,47.033,47.000,0.186225
154,154,46.032,46.000,0.182027
155,155,45.032,45.000,0.177987
156,156,44.031,44.000,0.174334
157,157,43.030,43.000,0.169951
158,158,42.029,42.000,0.165965
159,159,41.028,41.000,0.162806
160,160,40.028,40.000,0.159785
161,161,39.027,39.000,0.156438
162,162,38.026,38.000,0.152669
163,163,37.025,37.000,0.149299
164,164,36.025,36.000,0.146119
165,165,35.024,35.000,0.143272
166,166,34.024,34.000,0.14054
167,167,33.023,33.000,0.137986
168,168,32.023,32.000,0.13561
169,169,31.022,31.000,0.133334
170,170,30.022,30.000,0.132362
171,171,30.022,30.000,0.133015
172,172,30.022,30.000,0.131794
173,173,30.021,30.000,0.129734
174,174,30.021,30.000,0.127653
175,175,30.021,30.000,0.125554
176,176,30.020,30.000,0.123447
177,177,30.020,30.000,0.121335
178,178,30.020,30.000,0.119233
179,179,30.019,30.000,0.117138
180,180,30.019,30.000,0.115043
181,181,30.019,30.000,0.112968
182,182,30.018,30.000,0.110909
183,183,30.018,30.000,0.108868
184,184,30.018,30.000,0.106841
185,185,30.017,30.000,0.104884
186,186,30.017,30.000,0.102911
187,187,30.017,30.000,0.100952
188,188,30.016,30.000,0.0990461
189,189,30.016,30.000,0.0972274
190,190,30.016,30.000,0.0954888
191,191,30.015,30.000,0.0938008
192,192,30.015,30.000,0.0920794
193,193,30.015,30.000,0.0903556
194,194,30.015,30.000,0.0887028
195,195,30.014,30.000,0.0870435
196,196,30.014,30.000,0.0853913
197,197,30.014,30.000,0.0837583
198,198,30.014,30.000,0.0821908
199,199,30.013,30.000,0.0806151
200,200,30.013,30.000,0.0790516
201,201,30.013,30.000,0.0775015
202,202,30.013,30.000,0.0760204
203,203,30.012,30.000,0.0745348
204,204,30.012,30.000,0.0730615
205,205,30.012,30.000,0.0715958
206,206,30.012,30.000,0.0701843
207,207,30.011,30.000,0.068753
208,208,30.011,30.000,0.0673291
209,209,30.011,30.000,0.0659143
210,210,30.011,30.000,0.0645271
211,211,30.010,30.000,0.0631285
212,212,30.010,30.000,0.0617173
213,213,30.010,30.000,0.0603054
214,214,30.010,30.000,0.0589219
215,215,30.009,30.000,0.057546
216,216,30.009,30.000,0.0561821
217,217,30.009,30.000,0.0548165
218,218,30.009,30.000,0.0534686
219,219,30.009,30.000,0.0521269
220,220,30.008,30.000,0.0507919
221,221,30.008,30.000,0.0494208
222,222,30.008,30.000,0.0482646
223,223,30.007,30.000,0.042711
224,224,30.005,30.000,0.0315174
225,225,30.003,30.000,0.0190359
226,226,30.003,30.000,0.0154208
227,227,30.003,30.000,0.0169525
228,228,30.004,30.000,0.0213634
229,229,30.004,30.000,0.0264735
230,230,30.005,30.000,0.029631
231,231,30.005,30.000,0.0312057
232,232,30.005,30.000,0.0310947
233,233,30.005,30.000,0.0299213
234,234,30.004,30.000,0.0270245
235,235,30.004,30.000,0.0235872
236,236,30.003,30.000,0.019787
237,237,30.003,30.000,0.0157678
238,238,30.002,30.000,0.0113002
239,239,30.001,30.000,0.00678914
240,240,30.000,30.000,0.00232724
241,241,30.000,30.000,-0.00217255
242,242,29.999,30.000,-0.00632781
243,243,29.998,30.000,-0.0104605
244,244,29.998,30.000,-0.0143572
245,245,29.997,30.000,-0.018123
246,246,29.996,30.000,-0.0214786
247,247,29.996,30.000,-0.0246661
248,248,29.995,30.000,-0.027611
249,249,29.995,30.000,-0.0303864
250,250,29.995,30.000,-0.0328024
251,251,29.994,30.000,-0.0350978
252,252,29.994,30.000,-0.0371756
253,253,29.994,30.000,-0.039104
254,254,29.993,30.000,-0.0405929
255,255,29.993,30.000,-0.0419443
256,256,29.993,30.000,-0.0432176
257,257,29.993,30.000,-0.0444505
258,258,29.993,30.000,-0.0452478
259,259,29.992,30.000,-0.0459128
260,260,29.992,30.000,-0.0464778
261,261,29.992,30.000,-0.0469223
262,262,29.992,30.000,-0.0473112
263,263,29.992,30.000,-0.0474527
264,264,29.992,30.000,-0.0476447
265,265,29.992,30.000,-0.0478476
266,266,29.992,30.000,-0.0479775
267,267,29.992,30.000,-0.0480405
268,268,29.992,30.000,-0.0480319
269,269,29.992,30.000,-0.0479028
270,270,29.992,30.000,-0.047657
271,271,29.992,30.000,-0.0473082
272,272,29.992,30.000,-0.0470214
273,273,29.992,30.000,-0.0467094
274,274,29.992,30.000,-0.0463731
275,275,29.992,30.000,-0.0459786
276,276,29.992,30.000,-0.0455771
277,277,29.993,30.000,-0.0451646
278,278,29.993,30.000,-0.0447485
279,279,29.993,30.000,-0.04426
280,280,29.993,30.000,-0.0437955
281,281,29.993,30.000,-0.0433318
282,282,29.993,30.000,-0.0428615
283,283,29.993,30.000,-0.042343
284,284,29.993,30.000,-0.0418183
285,285,29.993,30.000,-0.0412761
286,286,29.993,30.000,-0.0407269
287,287,29.993,30.000,-0.0401311
288,288,29.993,30.000,-0.0395661
289,289,29.994,30.000,-0.0390118
290,290,29.994,30.000,-0.0384583
291,291,29.994,30.000,-0.0378968
292,292,29.994,30.000,-0.0373312
293,293,29.994,30.000,-0.0367709
294,294,29.994,30.000,-0.0362178
295,295,29.994,30.000,-0.0356357
296,296,29.994,30.000,-0.0350617
297,297,29.994,30.000,-0.034491
298,298,29.994,30.000,-0.0339294
299,299,29.995,30.000,-0.0333691
300,300,29.995,30.000,-0.0328066
301,301,29.995,30.000,-0.0322517
302,302,29.995,30.000,-0.0317006
303,303,29.995,30.000,-0.0311796
304,304,29.995,30.000,-0.0306411
305,305,29.995,30.000,-0.0300849
306,306,29.995,30.000,-0.029525
307,307,29.995,30.000,-0.0289766
308,308,29.995,30.000,-0.0284219
309,309,29.995,30.000,-0.0278754
310,310,29.995,30.000,-0.0273442
311,311,29.996,30.000,-0.0268098
312,312,29.996,30.000,-0.0262869
313,313,29.996,30.000,-0.0257743
314,314,29.996,30.000,-0.0252664
315,315,29.996,30.000,-0.0247723
316,316,29.996,30.000,-0.0242657
317,317,29.996,30.000,-0.023762
318,318,29.996,30.000,-0.0232745
319,319,29.996,30.000,-0.0228038
320,320,29.996,30.000,-0.0223339
321,321,29.996,30.000,-0.0218647
322,322,29.996,30.000,-0.021398
323,323,29.997,30.000,-0.0209647
324,324,29.997,30.000,-0.0205045
325,325,29.997,30.000,-0.020043
326,326,29.997,30.000,-0.0195861
327,327,29.997,30.000,-0.0191144
328,328,29.997,30.000,-0.0186509
329,329,29.997,30.000,-0.018194
330,330,29.997,30.000,-0.0177354
331,331,29.997,30.000,-0.0172716
332,332,29.997,30.000,-0.0168217
333,333,29.997,30.000,-0.016369
334,334,29.997,30.000,-0.015914
335,335,29.997,30.000,-0.015464
336,336,29.998,30.000,-0.0150422
337,337,29.998,30.000,-0.0146131
338,338,29.998,30.000,-0.0141963
339,339,29.998,30.000,-0.0138015
340,340,29.998,30.000,-0.0134232
341,341,29.998,30.000,-0.0130325
342,342,29.998,30.000,-0.0126897
343,343,29.998,30.000,-0.0124591
344,344,29.990,30.000,-0.0600808
345,345,29.973,30.000,-0.16401
346,346,29.956,30.000,-0.264801
347,347,29.948,30.000,-0.316152
348,348,29.961,30.000,-0.239554
349,349,29.973,30.000,-0.163626
350,350,29.981,30.000,-0.115359
351,351,30.985,31.000,-0.0904035
352,352,31.985,32.000,-0.0888771
353,353,32.985,33.000,-0.0882225
354,354,33.985,34.000,-0.0886321
355,355,34.985,35.000,-0.0907948
356,356,35.983,36.000,-0.0990229
357,357,36.981,37.000,-0.109054
358,358,37.979,38.000,-0.119834
359,359,38.977,39.000,-0.130615
360,360,39.976,40.000,-0.140871
361,361,40.974,41.000,-0.150746
362,362,41.972,42.000,-0.159854
363,363,42.970,43.000,-0.168699
364,364,43.969,44.000,-0.176049
365,365,44.968,45.000,-0.182659
366,366,45.966,46.000,-0.188371
367,367,46.965,47.000,-0.193505
368,368,47.964,48.000,-0.197889
369,369,48.964,49.000,-0.201505
370,370,49.963,50.000,-0.204696
371,371,50.962,51.000,-0.207647
372,372,51.961,52.000,-0.210084
373,373,52.961,53.000,-0.21225
374,374,53.960,54.000,-0.214071
375,375,54.960,55.000,-0.215645
376,376,55.960,56.000,-0.216649
377,377,56.959,57.000,-0.217375
378,378,57.959,58.000,-0.217783
379,379,58.959,59.000,-0.218005
380,380,59.959,60.000,-0.218045
381,381,60.958,61.000,-0.217792
382,382,61.958,62.000,-0.217528
383,383,62.958,63.000,-0.217695
384,384,63.958,64.000,-0.217503
385,385,64.958,65.000,-0.216413
386,386,65.958,66.000,-0.21625
387,387,66.958,67.000,-0.216289
388,388,67.958,68.000,-0.215079
389,389,68.957,69.000,-0.214908
390,390,69.957,70.000,-0.2158
391,391,70.957,71.000,-0.21691
392,392,71.956,72.000,-0.217913
393,393,72.956,73.000,-0.218606
394,394,73.956,74.000,-0.219361
395,395,74.955,75.000,-0.220119
396,396,75.955,76.000,-0.220889
397,397,76.955,77.000,-0.221609
398,398,77.954,78.000,-0.221877
399,399,78.954,79.000,-0.221427
400,400,79.954,80.000,-0.220572
401,401,80.954,81.000,-0.218398
402,402,81.955,82.000,-0.214341
403,403,82.956,83.000,-0.209801
404,404,83.957,84.000,-0.202328
405,405,84.960,85.000,-0.187712
406,406,85.961,86.000,-0.182014
407,407,86.959,87.000,-0.19138
408,408,87.956,88.000,-0.204323
409,409,88.954,89.000,-0.21344
410,410,89.953,90.000,-0.219072
411,411,90.952,91.000,-0.222742
412,412,91.951,92.000,-0.225189
413,413,92.950,93.000,-0.227511
414,414,93.950,94.000,-0.229646
415,415,94.949,95.000,-0.231785
416,416,95.948,96.000,-0.233467
417,417,96.948,97.000,-0.235137
418,418,97.947,98.000,-0.236799
419,419,98.947,99.000,-0.238511
420,420,99.946,100.000,-0.239953
421,421,100.945,101.000,-0.242711
422,422,101.944,102.000,-0.246593
423,423,102.943,103.000,-0.25081
424,424,103.942,104.000,-0.255552
425,425,104.940,105.000,-0.260635
426,426,105.939,106.000,-0.266564
427,427,106.937,107.000,-0.273088
428,428,107.935,108.000,-0.281612
429,429,108.932,109.000,-0.29163
430,430,109.929,110.000,-0.30318
431,431,110.926,111.000,-0.315784
432,432,111.922,112.000,-0.330902
433,433,112.918,113.000,-0.347257
434,434,113.914,114.000,-0.364903
435,435,114.909,115.000,-0.383492
436,436,115.904,116.000,-0.402613
437,437,116.900,117.000,-0.4215
438,438,117.895,118.000,-0.439494
439,439,118.891,119.000,-0.456484
440,440,119.887,120.000,-0.470385
441,441,120.883,121.000,-0.482763
442,442,121.881,122.000,-0.493293
443,443,122.878,123.000,-0.502796
444,444,123.876,124.000,-0.510039
445,445,124.874,125.000,-0.516638
446,446,125.872,126.000,-0.522733
447,447,126.870,127.000,-0.528267
448,448,127.868,128.000,-0.533215
449,449,128.867,129.000,-0.537937
450,450,129.865,130.000,-0.542402
451,451,130.864,131.000,-0.546783
452,452,131.862,132.000,-0.550976
453,453,132.861,133.000,-0.554959
454,454,133.860,134.000,-0.558638
455,455,134.858,135.000,-0.562093
456,456,135.857,136.000,-0.56538
457,457,136.856,137.000,-0.568628
458,458,137.854,138.000,-0.571783
459,459,138.853,139.000,-0.574855
460,460,139.852,140.000,-0.577701
461,461,140.851,141.000,-0.580508
462,462,141.850,142.000,-0.583306
463,463,142.849,143.000,-0.586119
464,464,143.848,144.000,-0.588863
465,465,144.846,145.000,-0.591623
466,466,145.845,146.000,-0.594382
467,467,146.844,147.000,-0.597134
468,468,147.843,148.000,-0.599874
469,469,148.842,149.000,-0.602609
470,470,149.841,150.000,-0.605349
471,471,150.839,151.000,-0.608087
472,472,151.838,152.000,-0.610812
473,473,152.837,153.000,-0.613539
474,474,153.836,154.000,-0.616257
475,475,154.835,155.000,-0.618956
476,476,155.834,156.000,-0.621637
477,477,156.832,157.000,-0.624255
478,478,157.831,158.000,-0.626904
479,479,158.830,159.000,-0.629504
480,480,159.829,160.000,-0.63201
481,481,160.828,161.000,-0.634302
482,482,161.827,162.000,-0.636683
483,483,162.826,163.000,-0.639086
484,484,163.825,164.000,-0.641485
485,485,164.823,165.000,-0.643869
486,486,165.822,166.000,-0.646254
487,487,166.821,167.000,-0.648634
488,488,167.820,168.000,-0.651004
489,489,168.819,169.000,-0.653364
490,490,169.818,170.000,-0.655756
491,491,170.817,171.000,-0.65817
492,492,171.816,172.000,-0.6606
493,493,172.814,173.000,-0.663092
494,494,173.813,174.000,-0.665578
495,495,174.812,175.000,-0.668077
496,496,175.811,176.000,-0.670629
497,497,176.810,177.000,-0.673343
498,498,177.809,178.000,-0.676024
499,499,178.807,179.000,-0.6787
500,500,179.806,180.000,-0.68139
501,501,180.805,181.000,-0.684147
502,502,181.804,182.000,-0.686898
503,503,182.802,183.000,-0.689639
504,504,183.801,184.000,-0.692392
505,505,184.800,185.000,-0.69531
506,506,185.798,186.000,-0.698412
507,507,186.797,187.000,-0.702162
508,508,187.795,188.000,-0.706922
509,509,188.794,189.000,-0.710719
510,510,189.792,190.000,-0.714153
511,511,190.791,191.000,-0.717479
512,512,191.789,192.000,-0.720807
513,513,192.789,193.000,-0.720739
514,514,193.794,194.000,-0.701059
515,515,194.811,195.000,-0.642499
516,516,195.835,196.000,-0.559333
517,517,196.854,197.000,-0.494548
518,518,197.857,198.000,-0.48245
519,519,198.844,199.000,-0.523802
520,520,199.825,200.000,-0.586814
521,521,199.817,200.000,-0.613778
522,522,199.816,200.000,-0.616448
523,523,199.822,200.000,-0.59788
524,524,199.830,200.000,-0.571593
525,525,199.838,200.000,-0.545794
526,526,199.845,200.000,-0.521333
527,527,199.852,200.000,-0.49559
528,528,199.861,200.000,-0.467946
529,529,199.870,200.000,-0.43648
530,530,199.879,200.000,-0.40524
531,531,199.888,200.000,-0.374894
532,532,199.897,200.000,-0.34532
533,533,199.905,200.000,-0.317547
534,534,199.913,200.000,-0.290613
535,535,199.921,200.000,-0.264575
536,536,199.929,200.000,-0.239311
537,537,199.936,200.000,-0.216109
538,538,199.942,200.000,-0.194126
539,539,199.948,200.000,-0.173415
540,540,199.954,200.000,-0.153579
541,541,199.960,200.000,-0.135705
542,542,199.965,200.000,-0.118751
543,543,199.969,200.000,-0.102937
544,544,199.974,200.000,-0.0878979
545,545,199.978,200.000,-0.074531
546,546,199.982,200.000,-0.0619239
547,547,199.985,200.000,-0.0502714
548,548,199.988,200.000,-0.0392486
549,549,199.991,200.000,-0.0295539
550,550,199.994,200.000,-0.0204386
551,551,199.996,200.000,-0.0120709
552,552,199.999,200.000,-0.00432865
553,553,200.001,200.000,0.00268421
554,554,200.003,200.000,0.00906808
555,555,200.004,200.000,0.0149814
556,556,200.006,200.000,0.0205577
557,557,200.008,200.000,0.0253389
558,558,200.009,200.000,0.0298205
559,559,200.010,200.000,0.0339099
560,560,200.011,200.000,0.0377498
561,561,200.012,200.000,0.0410209
562,562,200.013,200.000,0.0440756
563,563,200.014,200.000,0.0468376
564,564,200.015,200.000,0.0494405
565,565,200.015,200.000,0.0516457
566,566,200.016,200.000,0.053703
567,567,200.017,200.000,0.0555533
568,568,200.017,200.000,0.057276
569,569,200.017,200.000,0.0586893
570,570,200.018,200.000,0.0599784
571,571,200.018,200.000,0.0611787
572,572,200.019,200.000,0.0622882
573,573,200.019,200.000,0.0631604
574,574,200.019,200.000,0.0639861
575,575,200.019,200.000,0.0647333
576,576,200.019,200.000,0.0654697
577,577,200.020,200.000,0.0660748
578,578,200.020,200.000,0.0666903
579,579,200.020,200.000,0.0671943
580,580,200.020,200.000,0.0676243
581,581,200.020,200.000,0.0678306
582,582,200.020,200.000,0.0680098
583,583,200.020,200.000,0.068181
584,584,200.020,200.000,0.0683587
585,585,200.020,200.000,0.0684649
586,586,200.020,200.000,0.0685764
587,587,200.020,200.000,0.0686769
588,588,200.020,200.000,0.068764
589,589,200.020,200.000,0.0687687
590,590,200.020,200.000,0.0687831
591,591,200.020,200.000,0.0687872
592,592,200.020,200.000,0.0687789
593,593,200.020,200.000,0.0686882
594,594,200.020,200.000,0.0686224
595,595,200.020,200.000,0.0685593
596,596,200.020,200.000,0.0684918
597,597,200.020,200.000,0.0683812
598,598,200.020,200.000,0.0682823
599,599,200.020,200.000,0.0681769
600,600,200.020,200.000,0.0680623
601,601,200.020,200.000,0.0679234
602,602,200.020,200.000,0.0677883
603,603,200.020,200.000,0.0676517
604,604,200.020,200.000,0.0675188
605,605,200.020,200.000,0.067364
606,606,200.020,200.000,0.067214
607,607,200.020,200.000,0.0670665
608,608,200.020,200.000,0.0669223
609,609,200.020,200.000,0.0667659
610,610,200.020,200.000,0.0666164
611,611,200.020,200.000,0.0664704
612,612,200.020,200.000,0.0663232
613,613,200.020,200.000,0.0661638
614,614,200.020,200.000,0.0660078
615,615,200.020,200.000,0.0658534
616,616,200.020,200.000,0.0656989
617,617,200.020,200.000,0.0655322
618,618,200.019,200.000,0.0653764
619,619,200.019,200.000,0.0652239
620,620,200.019,200.000,0.0650669
621,621,200.019,200.000,0.0649152
622,622,200.019,200.000,0.0647548
623,623,200.019,200.000,0.0645956
624,624,200.019,200.000,0.0644393
625,625,200.019,200.000,0.0642879
626,626,200.019,200.000,0.0641392
627,627,200.019,200.000,0.0639927
628,628,200.019,200.000,0.0638446
629,629,200.019,200.000,0.0637033
630,630,200.019,200.000,0.0635545
631,631,200.019,200.000,0.0634111
632,632,200.019,200.000,0.0632662
633,633,200.019,200.000,0.0631083
634,634,200.019,200.000,0.0629535
635,635,200.019,200.000,0.0628051
636,636,200.019,200.000,0.0626634
637,637,200.019,200.000,0.0625251
638,638,200.019,200.000,0.062383
639,639,200.019,200.000,0.062242
640,640,200.018,200.000,0.0621011
641,641,200.018,200.000,0.0619789
642,642,200.018,200.000,0.0618478
643,643,200.018,200.000,0.0617131
644,644,200.018,200.000,0.0615819
645,645,200.018,200.000,0.0614537
646,646,200.018,200.000,0.061316
647,647,200.018,200.000,0.0611727
648,648,200.018,200.000,0.0610313
649,649,200.018,200.000,0.0608965
650,650,200.018,200.000,0.0607651
651,651,200.018,200.000,0.0606371
652,652,200.018,200.000,0.0605058
653,653,200.018,200.000,0.0603934
654,654,200.018,200.000,0.060276
655,655,200.018,200.000,0.0601588
656,656,200.018,200.000,0.0600423
657,657,200.018,200.000,0.0599425
658,658,200.018,200.000,0.0598428
659,659,200.018,200.000,0.0597397
660,660,200.018,200.000,0.0596337
661,661,200.018,200.000,0.0595398
662,662,200.018,200.000,0.0594366
663,663,200.018,200.000,0.0593302
664,664,200.018,200.000,0.0592191
665,665,200.018,200.000,0.0590942
666,666,200.018,200.000,0.0589787
667,667,200.018,200.000,0.05887
668,668,200.018,200.000,0.0587645
669,669,200.017,200.000,0.0586567
670,670,200.017,200.000,0.0585531
671,671,200.017,200.000,0.0584589
672,672,200.017,200.000,0.0583693
673,673,200.017,200.000,0.0582853
674,674,200.017,200.000,0.0582025
675,675,200.017,200.000,0.0581164
676,676,200.017,200.000,0.0580293
677,677,200.017,200.000,0.0579334
678,678,200.017,200.000,0.0578317
679,679,200.017,200.000,0.057733
680,680,200.017,200.000,0.0576395
681,681,200.017,200.000,0.0575362
682,682,200.017,200.000,0.0574394
683,683,200.017,200.000,0.0573466
684,684,200.017,200.000,0.0572534
685,685,200.017,200.000,0.0571746
686,686,200.017,200.000,0.0570927
687,687,200.017,200.000,0.0570116
688,688,200.017,200.000,0.0569229
689,689,200.017,200.000,0.0568472
690,690,200.017,200.000,0.0567676
691,691,200.017,200.000,0.0566929
692,692,200.017,200.000,0.0566281
693,693,200.017,200.000,0.0585156
694,694,200.021,200.000,0.071676
695,695,200.032,200.000,0.10625
696,696,200.046,200.000,0.153847
697,697,200.059,200.000,0.199315
698,698,200.069,200.000,0.23214
699,699,200.075,200.000,0.252077
700,700,200.079,200.000,0.264959
701,701,199.079,199.000,0.266532
702,702,198.080,198.000,0.271191
703,703,197.082,197.000,0.278322
704,704,196.085,196.000,0.287271
705,705,195.088,195.000,0.298088
706,706,194.090,194.000,0.306078
707,707,193.092,193.000,0.313889
708,708,192.096,192.000,0.327884
709,709,191.102,191.000,0.348302
710,710,190.111,190.000,0.382462
711,711,189.122,189.000,0.41927
712,712,188.132,188.000,0.45591
713,713,187.142,187.000,0.490937
714,714,186.151,186.000,0.523506
715,715,185.159,185.000,0.553809
716,716,184.167,184.000,0.581264
717,717,183.174,183.000,0.606908
718,718,182.180,182.000,0.628736
719,719,181.185,181.000,0.648954
720,720,180.190,180.000,0.667407
721,721,179.194,179.000,0.684731
722,722,178.198,178.000,0.699731
723,723,177.202,177.000,0.713516
724,724,176.205,176.000,0.725908
725,725,175.207,175.000,0.737431
726,726,174.209,174.000,0.747038
727,727,173.211,173.000,0.755737
728,728,172.213,172.000,0.7636
729,729,171.215,171.000,0.770989
730,730,170.216,170.000,0.776959
731,731,169.217,169.000,0.782206
732,732,168.217,168.000,0.786821
733,733,167.218,167.000,0.791224
734,734,166.218,166.000,0.79437
735,735,165.219,165.000,0.796989
736,736,164.219,164.000,0.799202
737,737,163.219,163.000,0.801119
738,738,162.218,162.000,0.802367
739,739,161.218,161.000,0.803369
740,740,160.217,160.000,0.803722
741,741,159.217,159.000,0.803159
742,742,158.216,158.000,0.800875
743,743,157.215,157.000,0.799507
744,744,156.214,156.000,0.798406
745,745,155.213,155.000,0.797379
746,746,154.212,154.000,0.796078
747,747,153.211,153.000,0.794571
748,748,152.210,152.000,0.792768
749,749,151.209,151.000,0.790734
750,750,150.208,150.000,0.787942
751,751,149.206,149.000,0.784604
752,752,148.205,148.000,0.781889
753,753,147.204,147.000,0.779597
754,754,146.202,146.000,0.777227
755,755,145.201,145.000,0.774507
756,756,144.200,144.000,0.771142
757,757,143.198,143.000,0.767543
758,758,142.197,142.000,0.763851
759,759,141.195,141.000,0.760195
760,760,140.194,140.000,0.756547
761,761,139.192,139.000,0.752917
762,762,138.191,138.000,0.748842
763,763,137.189,137.000,0.744547
764,764,136.187,136.000,0.739792
765,765,135.185,135.000,0.734455
766,766,134.184,134.000,0.729954
767,767,133.182,133.000,0.725439
768,768,132.180,132.000,0.720908
769,769,131.178,131.000,0.716393
770,770,130.177,130.000,0.711693
771,771,129.175,129.000,0.706961
772,772,128.173,128.000,0.702127
773,773,127.172,127.000,0.697198
774,774,126.170,126.000,0.692081
775,775,125.168,125.000,0.686687
776,776,124.166,124.000,0.680963
777,777,123.164,123.000,0.675028
778,778,122.162,122.000,0.669018
779,779,121.160,121.000,0.662942
780,780,120.158,120.000,0.656952
781,781,119.156,119.000,0.650952
782,782,118.154,118.000,0.644886
783,783,117.152,117.000,0.638938
784,784,116.150,116.000,0.633161
785,785,115.148,115.000,0.627448
786,786,114.147,114.000,0.621739
787,787,113.145,113.000,0.61617
788,788,112.143,112.000,0.610603
789,789,111.141,111.000,0.605157
790,790,110.140,110.000,0.59974
791,791,109.138,109.000,0.594431
792,792,108.136,108.000,0.589181
793,793,107.134,107.000,0.584037
794,794,106.133,106.000,0.579005
795,795,105.131,105.000,0.574087
796,796,104.130,104.000,0.569169
797,797,103.128,103.000,0.564265
798,798,102.127,102.000,0.559339
799,799,101.125,101.000,0.554437
800,800,100.123,100.000,0.549529
801,801,99.122,99.000,0.544574
802,802,98.120,98.000,0.539527
803,803,97.119,97.000,0.534271
804,804,96.117,96.000,0.528962
805,805,95.115,95.000,0.523621
806,806,94.114,94.000,0.518227
807,807,93.112,93.000,0.512749
808,808,92.111,92.000,0.507187
809,809,91.109,91.000,0.501301
810,810,90.107,90.000,0.495162
811,811,89.105,89.000,0.488435
812,812,88.103,88.000,0.481594
813,813,87.101,87.000,0.474464
814,814,86.099,86.000,0.466933
815,815,85.097,85.000,0.458515
816,816,84.095,84.000,0.449898
817,817,83.093,83.000,0.440864
818,818,82.090,82.000,0.431725
819,819,81.088,81.000,0.42244
820,820,80.086,80.000,0.413077
821,821,79.083,79.000,0.40342
822,822,78.081,78.000,0.393583
823,823,77.079,77.000,0.383347
824,824,76.076,76.000,0.373212
825,825,75.074,75.000,0.363197
826,826,74.072,74.000,0.353303
827,827,73.069,73.000,0.343746
828,828,72.067,72.000,0.334202
829,829,71.065,71.000,0.324846
830,830,70.063,70.000,0.315578
831,831,69.061,69.000,0.30722
832,832,68.059,68.000,0.298971
833,833,67.057,67.000,0.290966
834,834,66.055,66.000,0.283179
835,835,65.054,65.000,0.276004
836,836,64.052,64.000,0.26902
837,837,63.051,63.000,0.262321
838,838,62.049,62.000,0.255799
839,839,61.048,61.000,0.249783
840,840,60.046,60.000,0.24401
841,841,59.045,59.000,0.238502
842,842,58.044,58.000,0.233088
843,843,57.043,57.000,0.227885
844,844,56.042,56.000,0.22284
845,845,55.041,55.000,0.217871
846,846,54.039,54.000,0.212953
847,847,53.038,53.000,0.208396
848,848,52.037,52.000,0.20396
849,849,51.036,51.000,0.199549
850,850,50.035,50.000,0.195217
851,851,49.035,49.000,0.190851
852,852,48.034,48.000,0.186951
853,853,47.033,47.000,0.183244
854,854,46.032,46.000,0.17962
855,855,45.031,45.000,0.175996
856,856,44.030,44.000,0.17249
857,857,43.030,43.000,0.169242
858,858,42.029,42.000,0.166039
859,859,41.028,41.000,0.162883
860,860,40.028,40.000,0.159702
861,861,39.027,39.000,0.156182
862,862,38.026,38.000,0.152056
863,863,37.025,37.000,0.147912
864,864,36.025,36.000,0.144758
865,865,35.024,35.000,0.142134
866,866,34.024,34.000,0.139841
867,867,33.023,33.000,0.138101
868,868,32.023,32.000,0.136853
869,869,31.023,31.000,0.136212
870,870,30.022,30.000,0.13493
871,871,30.023,30.000,0.137159
872,872,30.022,30.000,0.136027
873,873,30.022,30.000,0.133883
874,874,30.022,30.000,0.131388
875,875,30.021,30.000,0.128777
876,876,30.021,30.000,0.126276
877,877,30.020,30.000,0.123803
878,878,30.020,30.000,0.121357
879,879,30.020,30.000,0.118998
880,880,30.019,30.000,0.116715
881,881,30.019,30.000,0.114519
882,882,30.018,30.000,0.112352
883,883,30.018,30.000,0.110228
884,884,30.018,30.000,0.108079
885,885,30.017,30.000,0.105924
886,886,30.017,30.000,0.103762
887,887,30.017,30.000,0.101624
888,888,30.016,30.000,0.0994655
889,889,30.016,30.000,0.0973061
890,890,30.016,30.000,0.0951462
891,891,30.015,30.000,0.0929539
892,892,30.015,30.000,0.0907833
893,893,30.015,30.000,0.0886397
894,894,30.014,30.000,0.086514
895,895,30.014,30.000,0.0843724
896,896,30.014,30.000,0.082266
897,897,30.013,30.000,0.0802717
898,898,30.013,30.000,0.0783747
899,899,30.013,30.000,0.0765289
900,900,30.012,30.000,0.0746372
901,901,30.012,30.000,0.0727589
902,902,30.012,30.000,0.070845
903,903,30.011,30.000,0.0689192
904,904,30.011,30.000,0.0672147
905,905,30.011,30.000,0.0657154
906,906,30.011,30.000,0.0642691
907,907,30.010,30.000,0.0629232
908,908,30.010,30.000,0.0615277
909,909,30.010,30.000,0.0601404
910,910,30.010,30.000,0.0587526
911,911,30.009,30.000,0.0573988
912,912,30.009,30.000,0.0560223
913,913,30.009,30.000,0.0546284
914,914,30.009,30.000,0.0532308
915,915,30.009,30.000,0.051834
916,916,30.008,30.000,0.0504582
917,917,30.008,30.000,0.0490948
918,918,30.008,30.000,0.0477319
919,919,30.008,30.000,0.0464257
920,920,30.007,30.000,0.0451119
921,921,30.007,30.000,0.0438159
922,922,30.007,30.000,0.0425482
923,923,30.007,30.000,0.0413438
924,924,30.007,30.000,0.0400868
925,925,30.006,30.000,0.0388268
926,926,30.006,30.000,0.0375796
927,927,30.006,30.000,0.0363305
928,928,30.006,30.000,0.035056
929,929,30.006,30.000,0.0338224
930,930,30.005,30.000,0.0327265
931,931,30.005,30.000,0.0305514
932,932,30.004,30.000,0.0237048
933,933,30.002,30.000,0.0126801
934,934,30.000,30.000,0.00152239
935,935,30.000,30.000,-0.000658949
936,936,30.000,30.000,0.00111331
937,937,30.001,30.000,0.00492611
938,938,30.001,30.000,0.00910141
939,939,30.002,30.000,0.0113008
940,940,30.002,30.000,0.0119712
941,941,30.002,30.000,0.0112559
942,942,30.002,30.000,0.00992974
943,943,30.001,30.000,0.00700702
944,944,30.001,30.000,0.00383881
945,945,30.000,30.000,0.000375572
946,946,29.999,30.000,-0.00326659
947,947,29.999,30.000,-0.00705564
948,948,29.998,30.000,-0.0107572
949,949,29.998,30.000,-0.0144783
950,950,29.997,30.000,-0.0182113
951,951,29.996,30.000,-0.0215824
952,952,29.996,30.000,-0.0248549
953,953,29.995,30.000,-0.0280333
954,954,29.995,30.000,-0.0310283
955,955,29.994,30.000,-0.0335876
956,956,29.994,30.000,-0.0360151
957,957,29.994,30.000,-0.0382315
958,958,29.993,30.000,-0.0402903
959,959,29.993,30.000,-0.0420608
960,960,29.993,30.000,-0.0437199
961,961,29.993,30.000,-0.0451831
962,962,29.992,30.000,-0.0464856
963,963,29.992,30.000,-0.0474437
964,964,29.992,30.000,-0.0483705
965,965,29.992,30.000,-0.0490904
966,966,29.992,30.000,-0.0497721
967,967,29.992,30.000,-0.0502329
968,968,29.992,30.000,-0.0506332
969,969,29.992,30.000,-0.0509288
970,970,29.992,30.000,-0.0512013
971,971,29.992,30.000,-0.0513631
972,972,29.992,30.000,-0.0514407
973,973,29.992,30.000,-0.0514163
974,974,29.992,30.000,-0.0513713
975,975,29.992,30.000,-0.0511676
976,976,29.992,30.000,-0.0509741
977,977,29.992,30.000,-0.0507797
978,978,29.992,30.000,-0.0505061
979,979,29.992,30.000,-0.05017
980,980,29.992,30.000,-0.0498382
981,981,29.992,30.000,-0.049475
982,982,29.992,30.000,-0.049093
983,983,29.992,30.000,-0.0486095
984,984,29.992,30.000,-0.0481526
985,985,29.992,30.000,-0.0476994
986,986,29.992,30.000,-0.0472462
987,987,29.992,30.000,-0.046752
988,988,29.992,30.000,-0.0462625
989,989,29.992,30.000,-0.0457672
990,990,29.993,30.000,-0.0452615
991,991,29.993,30.000,-0.0447517
992,992,29.993,30.000,-0.0442286
993,993,29.993,30.000,-0.0436996
994,994,29.993,30.000,-0.0431718
995,995,29.993,30.000,-0.0426259
996,996,29.993,30.000,-0.0420891
997,997,29.993,30.000,-0.0415399
998,998,29.993,30.000,-0.0409821
999,999,29.993,30.000,-0.0404328
1000,1000,29.993,30.000,-0.0398795
1001,1001,29.994,30.000,-0.0393176
1002,1002,29.994,30.000,-0.038759
1003,1003,29.994,30.000,-0.0381955
1004,1004,29.994,30.000,-0.0376353
1005,1005,29.994,30.000,-0.0370882
1006,1006,29.994,30.000,-0.0365499
1007,1007,29.994,30.000,-0.0360005
1008,1008,29.994,30.000,-0.0354504
1009,1009,29.994,30.000,-0.0349053
1010,1010,29.994,30.000,-0.0343673
1011,1011,29.994,30.000,-0.0338217
1012,1012,29.995,30.000,-0.0332866
1013,1013,29.995,30.000,-0.032756
1014,1014,29.995,30.000,-0.0322296
1015,1015,29.995,30.000,-0.0317159
1016,1016,29.995,30.000,-0.0311996
1017,1017,29.995,30.000,-0.030687
1018,1018,29.995,30.000,-0.030174
1019,1019,29.995,30.000,-0.0296542
1020,1020,29.995,30.000,-0.0291521
1021,1021,29.995,30.000,-0.028638
1022,1022,29.995,30.000,-0.0281304
1023,1023,29.995,30.000,-0.0276379
1024,1024,29.996,30.000,-0.0271565
1025,1025,29.996,30.000,-0.0266863
1026,1026,29.996,30.000,-0.0262263
1027,1027,29.996,30.000,-0.0257685
1028,1028,29.996,30.000,-0.0253291
1029,1029,29.996,30.000,-0.0248625
1030,1030,29.996,30.000,-0.0243964
1031,1031,29.996,30.000,-0.0239323
1032,1032,29.996,30.000,-0.0234537
1033,1033,29.996,30.000,-0.0229936
1034,1034,29.996,30.000,-0.0225452
1035,1035,29.996,30.000,-0.022102
1036,1036,29.996,30.000,-0.0216602
1037,1037,29.997,30.000,-0.0212133
1038,1038,29.997,30.000,-0.0207803
1039,1039,29.997,30.000,-0.0203756
1040,1040,29.997,30.000,-0.0199107
1041,1041,29.997,30.000,-0.0194569
1042,1042,29.997,30.000,-0.01919
1043,1043,29.997,30.000,-0.0190301
1044,1044,29.989,30.000,-0.0649066
1045,1045,29.973,30.000,-0.162265
1046,1046,29.958,30.000,-0.255345
1047,1047,29.950,30.000,-0.30113
1048,1048,29.962,30.000,-0.228009
1049,1049,29.974,30.000,-0.158182
1050,1050,29.981,30.000,-0.116899
1051,1051,30.984,31.000,-0.0985785
1052,1052,31.983,32.000,-0.100439
1053,1053,32.983,33.000,-0.102184
1054,1054,33.982,34.000,-0.104564
1055,1055,34.982,35.000,-0.108386
1056,1056,35.980,36.000,-0.117492
1057,1057,36.978,37.000,-0.127988
1058,1058,37.976,38.000,-0.138629
1059,1059,38.974,39.000,-0.148939
1060,1060,39.973,40.000,-0.15868
1061,1061,40.971,41.000,-0.167711
1062,1062,41.969,42.000,-0.176194
1063,1063,42.968,43.000,-0.184073
1064,1064,43.966,44.000,-0.191166
1065,1065,44.965,45.000,-0.197286
1066,1066,45.964,46.000,-0.202686
1067,1067,46.963,47.000,-0.207842
1068,1068,47.962,48.000,-0.21167
1069,1069,48.961,49.000,-0.215052
1070,1070,49.960,50.000,-0.217502
1071,1071,50.960,51.000,-0.219778
1072,1072,51.959,52.000,-0.221889
1073,1073,52.959,53.000,-0.223933
1074,1074,53.958,54.000,-0.225719
1075,1075,54.958,55.000,-0.227378
1076,1076,55.957,56.000,-0.228946
1077,1077,56.957,57.000,-0.230066
1078,1078,57.957,58.000,-0.230246
1079,1079,58.956,59.000,-0.230135
1080,1080,59.956,60.000,-0.229848
1081,1081,60.956,61.000,-0.22965
1082,1082,61.956,62.000,-0.229493
1083,1083,62.956,63.000,-0.229441
1084,1084,63.956,64.000,-0.229684
1085,1085,64.955,65.000,-0.229885
1086,1086,65.955,66.000,-0.230137
1087,1087,66.955,67.000,-0.230571
1088,1088,67.954,68.000,-0.231203
1089,1089,68.954,69.000,-0.231898
1090,1090,69.954,70.000,-0.232531
1091,1091,70.953,71.000,-0.232995
1092,1092,71.953,72.000,-0.23347
1093,1093,72.953,73.000,-0.233925
1094,1094,73.952,74.000,-0.234643
1095,1095,74.952,75.000,-0.235657
1096,1096,75.952,76.000,-0.236829
1097,1097,76.951,77.000,-0.237388
1098,1098,77.951,78.000,-0.237944
1099,1099,78.951,79.000,-0.238492
1100,1100,79.950,80.000,-0.23902
1101,1101,80.950,81.000,-0.239624
1102,1102,81.950,82.000,-0.240204
1103,1103,82.950,83.000,-0.239862
1104,1104,83.950,84.000,-0.238339
1105,1105,84.950,85.000,-0.235569
1106,1106,85.950,86.000,-0.233814
1107,1107,86.950,87.000,-0.233113
1108,1108,87.950,88.000,-0.233148
1109,1109,88.949,89.000,-0.234681
1110,1110,89.949,90.000,-0.236616
1111,1111,90.948,91.000,-0.238666
1112,1112,91.948,92.000,-0.240751
1113,1113,92.947,93.000,-0.240459
1114,1114,93.947,94.000,-0.239657
1115,1115,94.947,95.000,-0.238718
1116,1116,95.947,96.000,-0.239907
1117,1117,96.943,97.000,-0.255628
1118,1118,97.940,98.000,-0.268145
1119,1119,98.938,99.000,-0.276791
1120,1120,99.936,100.000,-0.283191
1121,1121,100.935,101.000,-0.286886
1122,1122,101.934,102.000,-0.290478
1123,1123,102.933,103.000,-0.294187
1124,1124,103.932,104.000,-0.298289
1125,1125,104.931,105.000,-0.303517
1126,1126,105.929,106.000,-0.309447
1127,1127,106.927,107.000,-0.316735
1128,1128,107.925,108.000,-0.325544
1129,1129,108.922,109.000,-0.335974
1130,1130,109.919,110.000,-0.348588
1131,1131,110.915,111.000,-0.363093
1132,1132,111.911,112.000,-0.378635
1133,1133,112.907,113.000,-0.396014
1134,1134,113.902,114.000,-0.413838
1135,1135,114.898,115.000,-0.43184
1136,1136,115.893,116.000,-0.449987
1137,1137,116.889,117.000,-0.467015
1138,1138,117.885,118.000,-0.482464
1139,1139,118.881,119.000,-0.495923
1140,1140,119.878,120.000,-0.50788
1141,1141,120.875,121.000,-0.517221
1142,1142,121.873,122.000,-0.525996
1143,1143,122.870,123.000,-0.533211
1144,1144,123.869,124.000,-0.539338
1145,1145,124.867,125.000,-0.542876
1146,1146,125.866,126.000,-0.547248
1147,1147,126.864,127.000,-0.552189
1148,1148,127.863,128.000,-0.556532
1149,1149,128.861,129.000,-0.560543
1150,1150,129.860,130.000,-0.564619
1151,1151,130.858,131.000,-0.568292
1152,1152,131.857,132.000,-0.571145
1153,1153,132.856,133.000,-0.573652
1154,1154,133.855,134.000,-0.576267
1155,1155,134.854,135.000,-0.578807
1156,1156,135.853,136.000,-0.581042
1157,1157,136.852,137.000,-0.583319
1158,1158,137.851,138.000,-0.586116
1159,1159,138.850,139.000,-0.589127
1160,1160,139.848,140.000,-0.592238
1161,1161,140.847,141.000,-0.595317
1162,1162,141.846,142.000,-0.597827
1163,1163,142.845,143.000,-0.600032
1164,1164,143.844,144.000,-0.601818
1165,1165,144.843,145.000,-0.603331
1166,1166,145.843,146.000,-0.604346
1167,1167,146.842,147.000,-0.605365
1168,1168,147.841,148.000,-0.606455
1169,1169,148.840,149.000,-0.607557
1170,1170,149.840,150.000,-0.608734
1171,1171,150.839,151.000,-0.609928
1172,1172,151.838,152.000,-0.611204
1173,1173,152.837,153.000,-0.612464
1174,1174,153.837,154.000,-0.613831
1175,1175,154.836,155.000,-0.614987
1176,1176,155.835,156.000,-0.616015
1177,1177,156.834,157.000,-0.617498
1178,1178,157.833,158.000,-0.620051
1179,1179,158.832,159.000,-0.622727
1180,1180,159.831,160.000,-0.625733
1181,1181,160.829,161.000,-0.62881
1182,1182,161.828,162.000,-0.631146
1183,1183,162.827,163.000,-0.633644
1184,1184,163.826,164.000,-0.636209
1185,1185,164.825,165.000,-0.638736
1186,1186,165.824,166.000,-0.641483
1187,1187,166.822,167.000,-0.644253
1188,1188,167.821,168.000,-0.647003
1189,1189,168.820,169.000,-0.649792
1190,1190,169.819,170.000,-0.652364
1191,1191,170.818,171.000,-0.654999
1192,1192,171.816,172.000,-0.657645
1193,1193,172.815,173.000,-0.660288
1194,1194,173.814,174.000,-0.662872
1195,1195,174.813,175.000,-0.665531
1196,1196,175.812,176.000,-0.668425
1197,1197,176.810,177.000,-0.671534
1198,1198,177.809,178.000,-0.675215
1199,1199,178.807,179.000,-0.679161
1200,1200,179.806,180.000,-0.683469
1201,1201,180.804,181.000,-0.688019
1202,1202,181.802,182.000,-0.69308
1203,1203,182.800,183.000,-0.69861
1204,1204,183.798,184.000,-0.70377
1205,1205,184.796,185.000,-0.708049
1206,1206,185.795,186.000,-0.710436
1207,1207,186.794,187.000,-0.712933
1208,1208,187.793,188.000,-0.715669
1209,1209,188.791,189.000,-0.718597
1210,1210,189.790,190.000,-0.722022
1211,1211,190.788,191.000,-0.727439
1212,1212,191.785,192.000,-0.735213
1213,1213,192.783,193.000,-0.741279
1214,1214,193.789,194.000,-0.719532
1215,1215,194.805,195.000,-0.661873
1216,1216,195.828,196.000,-0.582352
1217,1217,196.851,197.000,-0.50481
1218,1218,197.851,198.000,-0.503171
1219,1219,198.838,199.000,-0.543995
1220,1220,199.823,200.000,-0.595734
1221,1221,199.812,200.000,-0.632387
1222,1222,199.814,200.000,-0.623634
1223,1223,199.822,200.000,-0.598411
1224,1224,199.831,200.000,-0.567404
1225,1225,199.840,200.000,-0.538281
1226,1226,199.848,200.000,-0.511314
1227,1227,199.856,200.000,-0.483734
1228,1228,199.865,200.000,-0.453834
1229,1229,199.874,200.000,-0.422211
1230,1230,199.884,200.000,-0.390204
1231,1231,199.893,200.000,-0.359963
1232,1232,199.901,200.000,-0.331033
1233,1233,199.910,200.000,-0.303465
1234,1234,199.918,200.000,-0.276779
1235,1235,199.925,200.000,-0.251815
1236,1236,199.932,200.000,-0.227918
1237,1237,199.939,200.000,-0.205377
1238,1238,199.945,200.000,-0.183732
1239,1239,199.951,200.000,-0.164414
1240,1240,199.956,200.000,-0.146104
1241,1241,199.962,200.000,-0.12896
1242,1242,199.966,200.000,-0.112604
1243,1243,199.971,200.000,-0.0980868
1244,1244,199.975,200.000,-0.0846042
1245,1245,199.979,200.000,-0.07219
1246,1246,199.982,200.000,-0.0600813
1247,1247,199.985,200.000,-0.049703
1248,1248,199.988,200.000,-0.0399801
1249,1249,199.991,200.000,-0.030789
1250,1250,199.993,200.000,-0.0221914
1251,1251,199.996,200.000,-0.0148245
1252,1252,199.998,200.000,-0.00803525
1253,1253,199.999,200.000,-0.0017162
1254,1254,200.001,200.000,0.00424913
1255,1255,200.003,200.000,0.00938883
1256,1256,200.004,200.000,0.014223
1257,1257,200.006,200.000,0.0186483
1258,1258,200.007,200.000,0.0228169
1259,1259,200.008,200.000,0.0264409
1260,1260,200.009,200.000,0.0296345
1261,1261,200.010,200.000,0.0326186
1262,1262,200.011,200.000,0.0354445
1263,1263,200.011,200.000,0.0377805
1264,1264,200.012,200.000,0.0399287
1265,1265,200.012,200.000,0.0418722
1266,1266,200.013,200.000,0.0437941
1267,1267,200.014,200.000,0.0453703
1268,1268,200.014,200.000,0.0467954
1269,1269,200.014,200.000,0.0480271
1270,1270,200.015,200.000,0.0492013
1271,1271,200.015,200.000,0.0501594
1272,1272,200.015,200.000,0.0510696
1273,1273,200.015,200.000,0.0518649
1274,1274,200.016,200.000,0.0525432
1275,1275,200.016,200.000,0.0531196
1276,1276,200.016,200.000,0.0536825
1277,1277,200.016,200.000,0.0541863
1278,1278,200.016,200.000,0.0546478
1279,1279,200.016,200.000,0.0549597
1280,1280,200.016,200.000,0.0552777
1281,1281,200.017,200.000,0.0555389
1282,1282,200.017,200.000,0.0557357
1283,1283,200.017,200.000,0.0558627
1284,1284,200.017,200.000,0.0560088
1285,1285,200.017,200.000,0.0561378
1286,1286,200.017,200.000,0.0562543
1287,1287,200.017,200.000,0.056283
1288,1288,200.017,200.000,0.0563283
1289,1289,200.017,200.000,0.0563581
1290,1290,200.017,200.000,0.0563698
1291,1291,200.017,200.000,0.0563225
1292,1292,200.017,200.000,0.0562881
1293,1293,200.017,200.000,0.0562493
1294,1294,200.017,200.000,0.0562105
1295,1295,200.017,200.000,0.0561476
1296,1296,200.017,200.000,0.0560958
1297,1297,200.017,200.000,0.0560405
1298,1298,200.017,200.000,0.0559734
1299,1299,200.017,200.000,0.0559034
1300,1300,200.017,200.000,0.0558377
1301,1301,200.017,200.000,0.0557693
1302,1302,200.017,200.000,0.0557001
1303,1303,200.017,200.000,0.0556126
1304,1304,200.017,200.000,0.0555327
1305,1305,200.017,200.000,0.0554483
1306,1306,200.016,200.000,0.0553634
1307,1307,200.016,200.000,0.0552816
1308,1308,200.016,200.000,0.0551909
1309,1309,200.016,200.000,0.0550912
1310,1310,200.016,200.000,0.054986
1311,1311,200.016,200.000,0.0548637
1312,1312,200.016,200.000,0.0547474
1313,1313,200.016,200.000,0.0546323
1314,1314,200.016,200.000,0.0545134
1315,1315,200.016,200.000,0.0543816
1316,1316,200.016,200.000,0.0542591
1317,1317,200.016,200.000,0.0541389
1318,1318,200.016,200.000,0.0540213
1319,1319,200.016,200.000,0.0539055
1320,1320,200.016,200.000,0.0537891
1321,1321,200.016,200.000,0.0536686
1322,1322,200.016,200.000,0.0535516
1323,1323,200.016,200.000,0.0534234
1324,1324,200.016,200.000,0.0532899
1325,1325,200.016,200.000,0.0531589
1326,1326,200.016,200.000,0.0530303
1327,1327,200.016,200.000,0.0528988
1328,1328,200.016,200.000,0.0527754
1329,1329,200.016,200.000,0.0526556
1330,1330,200.016,200.000,0.052541
1331,1331,200.016,200.000,0.0524392
1332,1332,200.016,200.000,0.052328
1333,1333,200.016,200.000,0.0522171
1334,1334,200.016,200.000,0.0521104
1335,1335,200.015,200.000,0.0519892
1336,1336,200.015,200.000,0.0518626
1337,1337,200.015,200.000,0.0517418
1338,1338,200.015,200.000,0.0516257
1339,1339,200.015,200.000,0.0515019
1340,1340,200.015,200.000,0.0513927
1341,1341,200.015,200.000,0.0512904
1342,1342,200.015,200.000,0.0511882
1343,1343,200.015,200.000,0.0511049
1344,1344,200.015,200.000,0.0510194
1345,1345,200.015,200.000,0.0509341
1346,1346,200.015,200.000,0.0508506
1347,1347,200.015,200.000,0.0507736
1348,1348,200.015,200.000,0.0506953
1349,1349,200.015,200.000,0.050615
1350,1350,200.015,200.000,0.0505353
1351,1351,200.015,200.000,0.0504632
1352,1352,200.015,200.000,0.0503855
1353,1353,200.015,200.000,0.0503048
1354,1354,200.015,200.000,0.050217
1355,1355,200.015,200.000,0.0501313
1356,1356,200.015,200.000,0.0500467
1357,1357,200.015,200.000,0.0499625
1358,1358,200.015,200.000,0.0498797
1359,1359,200.015,200.000,0.0498151
1360,1360,200.015,200.000,0.0497546
1361,1361,200.015,200.000,0.0496951
1362,1362,200.015,200.000,0.0496309
1363,1363,200.015,200.000,0.0495614
1364,1364,200.015,200.000,0.0495062
1365,1365,200.015,200.000,0.0494455
1366,1366,200.015,200.000,0.0493899
1367,1367,200.015,200.000,0.0493342
1368,1368,200.015,200.000,0.0492649
1369,1369,200.015,200.000,0.0492024
1370,1370,200.015,200.000,0.0491426
1371,1371,200.015,200.000,0.0490789
1372,1372,200.015,200.000,0.0490152
1373,1373,200.015,200.000,0.0489541
1374,1374,200.015,200.000,0.0488953
1375,1375,200.015,200.000,0.0488397
1376,1376,200.015,200.000,0.0487913
1377,1377,200.015,200.000,0.0487399
1378,1378,200.014,200.000,0.0486902
1379,1379,200.014,200.000,0.0486436
1380,1380,200.014,200.000,0.0486167
1381,1381,200.014,200.000,0.0485779
1382,1382,200.014,200.000,0.0485257
1383,1383,200.014,200.000,0.0484748
1384,1384,200.014,200.000,0.0484326
1385,1385,200.014,200.000,0.0483862
1386,1386,200.014,200.000,0.0483362
1387,1387,200.014,200.000,0.048287
1388,1388,200.014,200.000,0.0482334
1389,1389,200.014,200.000,0.0481875
1390,1390,200.014,200.000,0.0481394
1391,1391,200.014,200.000,0.0480914
1392,1392,200.014,200.000,0.0480652
1393,1393,200.015,200.000,0.0500051
1394,1394,200.019,200.000,0.0631319
1395,1395,200.027,200.000,0.0908947
1396,1396,200.043,200.000,0.142943
1397,1397,200.056,200.000,0.188445
1398,1398,200.066,200.000,0.221344
1399,1399,200.073,200.000,0.245194
1400,1400,200.076,200.000,0.253749
1401,1401,199.077,199.000,0.259059
1402,1402,198.079,198.000,0.266505
1403,1403,197.081,197.000,0.275313
1404,1404,196.085,196.000,0.288098
1405,1405,195.089,195.000,0.300889
1406,1406,194.091,194.000,0.310916
1407,1407,193.094,193.000,0.319128
1408,1408,192.098,192.000,0.335125
1409,1409,191.105,191.000,0.359016
1410,1410,190.114,190.000,0.389906
1411,1411,189.123,189.000,0.423967
1412,1412,188.133,188.000,0.459161
1413,1413,187.142,187.000,0.492604
1414,1414,186.151,186.000,0.523487
1415,1415,185.159,185.000,0.552406
1416,1416,184.166,184.000,0.576836
1417,1417,183.172,183.000,0.599222
1418,1418,182.177,182.000,0.61941
1419,1419,181.182,181.000,0.638225
1420,1420,180.186,180.000,0.654052
1421,1421,179.190,179.000,0.668579
1422,1422,178.193,178.000,0.681743
1423,1423,177.196,177.000,0.693982
1424,1424,176.198,176.000,0.704281
1425,1425,175.201,175.000,0.713611
1426,1426,174.202,174.000,0.721924
1427,1427,173.204,173.000,0.729622
1428,1428,172.205,172.000,0.736142
1429,1429,171.207,171.000,0.741987
1430,1430,170.207,170.000,0.747059
1431,1431,169.208,169.000,0.751354
1432,1432,168.209,168.000,0.755121
1433,1433,167.209,167.000,0.757765
1434,1434,166.209,166.000,0.760155
1435,1435,165.209,165.000,0.761867
1436,1436,164.209,164.000,0.763057
1437,1437,163.208,163.000,0.763651
1438,1438,162.208,162.000,0.764044
1439,1439,161.207,161.000,0.764116
1440,1440,160.207,160.000,0.76395
1441,1441,159.206,159.000,0.763144
1442,1442,158.205,158.000,0.762157
1443,1443,157.204,157.000,0.760949
1444,1444,156.203,156.000,0.759613
1445,1445,155.202,155.000,0.757801
1446,1446,154.201,154.000,0.755833
1447,1447,153.200,153.000,0.753784
1448,1448,152.199,152.000,0.751686
1449,1449,151.198,151.000,0.74927
1450,1450,150.197,150.000,0.746732
1451,1451,149.195,149.000,0.743996
1452,1452,148.194,148.000,0.741098
1453,1453,147.193,147.000,0.73804
1454,1454,146.191,146.000,0.734923
1455,1455,145.190,145.000,0.731722
1456,1456,144.189,144.000,0.728539
1457,1457,143.187,143.000,0.725188
1458,1458,142.186,142.000,0.721675
1459,1459,141.184,141.000,0.717957
1460,1460,140.183,140.000,0.71417
1461,1461,139.181,139.000,0.710199
1462,1462,138.180,138.000,0.70606
1463,1463,137.178,137.000,0.701715
1464,1464,136.176,136.000,0.697276
1465,1465,135.175,135.000,0.692731
1466,1466,134.173,134.000,0.688197
1467,1467,133.171,133.000,0.683604
1468,1468,132.170,132.000,0.678877
1469,1469,131.168,131.000,0.674067
1470,1470,130.166,130.000,0.669253
1471,1471,129.165,129.000,0.664454
1472,1472,128.163,128.000,0.659647
1473,1473,127.161,127.000,0.654773
1474,1474,126.159,126.000,0.649912
1475,1475,125.158,125.000,0.645039
1476,1476,124.156,124.000,0.640146
1477,1477,123.154,123.000,0.635194
1478,1478,122.153,122.000,0.630272
1479,1479,121.151,121.000,0.625286
1480,1480,120.149,120.000,0.620177
1481,1481,119.147,119.000,0.615001
1482,1482,118.146,118.000,0.609889
1483,1483,117.144,117.000,0.604766
1484,1484,116.142,116.000,0.599618
1485,1485,115.141,115.000,0.594651
1486,1486,114.139,114.000,0.589739
1487,1487,113.138,113.000,0.584936
1488,1488,112.136,112.000,0.58023
1489,1489,111.134,111.000,0.575481
1490,1490,110.133,110.000,0.57072
1491,1491,109.131,109.000,0.565975
1492,1492,108.130,108.000,0.561235
1493,1493,107.128,107.000,0.556503
1494,1494,106.127,106.000,0.5518
1495,1495,105.125,105.000,0.547126
1496,1496,104.124,104.000,0.542466
1497,1497,103.122,103.000,0.537902
1498,1498,102.121,102.000,0.533293
1499,1499,101.119,101.000,0.52872
1500,1500,100.118,100.000,0.524266
1501,1501,99.116,99.000,0.519927
1502,1502,98.115,98.000,0.515826
1503,1503,97.114,97.000,0.511609
1504,1504,96.112,96.000,0.507166
1505,1505,95.111,95.000,0.502553
1506,1506,94.109,94.000,0.496573
1507,1507,93.107,93.000,0.490318
1508,1508,92.105,92.000,0.483658
1509,1509,91.103,91.000,0.476729
1510,1510,90.101,90.000,0.469203
1511,1511,89.099,89.000,0.461208
1512,1512,88.097,88.000,0.452904
1513,1513,87.095,87.000,0.44439
1514,1514,86.093,86.000,0.435356
1515,1515,85.090,85.000,0.426104
1516,1516,84.088,84.000,0.416568
1517,1517,83.086,83.000,0.406855
1518,1518,82.083,82.000,0.396743
1519,1519,81.081,81.000,0.38664
1520,1520,80.078,80.000,0.37647
1521,1521,79.076,79.000,0.36633
1522,1522,78.073,78.000,0.356149
1523,1523,77.071,77.000,0.345988
1524,1524,76.069,76.000,0.335942
1525,1525,75.066,75.000,0.326093
1526,1526,74.064,74.000,0.316666
1527,1527,73.062,73.000,0.307448
1528,1528,72.060,72.000,0.29852
1529,1529,71.058,71.000,0.289767
1530,1530,70.056,70.000,0.281485
1531,1531,69.054,69.000,0.273446
1532,1532,68.052,68.000,0.265721
1533,1533,67.051,67.000,0.258198
1534,1534,66.049,66.000,0.251145
1535,1535,65.048,65.000,0.244305
1536,1536,64.046,64.000,0.237786
1537,1537,63.045,63.000,0.23148
1538,1538,62.043,62.000,0.225633
1539,1539,61.042,61.000,0.2199
1540,1540,60.041,60.000,0.214343
1541,1541,59.040,59.000,0.208921
1542,1542,58.038,58.000,0.203925
1543,1543,57.037,57.000,0.199121
1544,1544,56.036,56.000,0.194558
1545,1545,55.035,55.000,0.19006
1546,1546,54.034,54.000,0.1858
1547,1547,53.033,53.000,0.18156
1548,1548,52.033,52.000,0.177304
1549,1549,51.032,51.000,0.173062
1550,1550,50.031,50.000,0.168853
1551,1551,49.030,49.000,0.164509
1552,1552,48.029,48.000,0.160246
1553,1553,47.028,47.000,0.156286
1554,1554,46.027,46.000,0.152143
1555,1555,45.026,45.000,0.148061
1556,1556,44.026,44.000,0.144959
1557,1557,43.025,43.000,0.142133
1558,1558,42.024,42.000,0.139346
1559,1559,41.024,41.000,0.136042
1560,1560,40.023,40.000,0.132898
1561,1561,39.022,39.000,0.1303
1562,1562,38.022,38.000,0.128073
1563,1563,37.021,37.000,0.12601
1564,1564,36.021,36.000,0.124645
1565,1565,35.021,35.000,0.124429
1566,1566,34.021,34.000,0.122977
1567,1567,33.020,33.000,0.121112
1568,1568,32.020,32.000,0.119068
1569,1569,31.019,31.000,0.116952
1570,1570,30.019,30.000,0.114722
1571,1571,30.019,30.000,0.115482
1572,1572,30.019,30.000,0.113745
1573,1573,30.018,30.000,0.111486
1574,1574,30.018,30.000,0.109123
1575,1575,30.018,30.000,0.106706
1576,1576,30.017,30.000,0.104355
1577,1577,30.017,30.000,0.102025
1578,1578,30.016,30.000,0.099702
1579,1579,30.016,30.000,0.0974503
1580,1580,30.016,30.000,0.0951926
1581,1581,30.015,30.000,0.0929472
1582,1582,30.015,30.000,0.0907598
1583,1583,30.015,30.000,0.0886632
1584,1584,30.014,30.000,0.0866364
1585,1585,30.014,30.000,0.0847002
1586,1586,30.014,30.000,0.0828297
1587,1587,30.013,30.000,0.0810076
1588,1588,30.013,30.000,0.0791074
1589,1589,30.013,30.000,0.0770644
1590,1590,30.012,30.000,0.0750125
1591,1591,30.012,30.000,0.0732505
1592,1592,30.012,30.000,0.0716361
1593,1593,30.012,30.000,0.0700344
1594,1594,30.011,30.000,0.0684399
1595,1595,30.011,30.000,0.066857
1596,1596,30.011,30.000,0.0652783
1597,1597,30.010,30.000,0.0637192
1598,1598,30.010,30.000,0.0621787
1599,1599,30.010,30.000,0.060706
1600,1600,30.010,30.000,0.0592263
1601,1601,30.010,30.000,0.0577426
1602,1602,30.009,30.000,0.0562689
1603,1603,30.009,30.000,0.0548693
1604,1604,30.009,30.000,0.0534284
1605,1605,30.009,30.000,0.0519819
1606,1606,30.008,30.000,0.0505466
1607,1607,30.008,30.000,0.0491434
1608,1608,30.008,30.000,0.0477401
1609,1609,30.008,30.000,0.046343
1610,1610,30.007,30.000,0.0449557
1611,1611,30.007,30.000,0.0436099
1612,1612,30.007,30.000,0.0422441
1613,1613,30.007,30.000,0.0408746
1614,1614,30.007,30.000,0.0394936
1615,1615,30.006,30.000,0.03787
1616,1616,30.006,30.000,0.035657
1617,1617,30.006,30.000,0.0336234
1618,1618,30.005,30.000,0.0322758
1619,1619,30.005,30.000,0.0312981
1620,1620,30.005,30.000,0.0302045
1621,1621,30.005,30.000,0.029072
1622,1622,30.005,30.000,0.028009
1623,1623,30.004,30.000,0.0267167
1624,1624,30.004,30.000,0.0255285
1625,1625,30.004,30.000,0.0243504
1626,1626,30.004,30.000,0.0231753
1627,1627,30.004,30.000,0.0221258
1628,1628,30.003,30.000,0.0211385
1629,1629,30.003,30.000,0.0203335
1630,1630,30.003,30.000,0.0195526
1631,1631,30.003,30.000,0.0172472
1632,1632,30.002,30.000,0.00975995
1633,1633,30.000,30.000,-0.000950243
1634,1634,29.998,30.000,-0.0108409
1635,1635,29.998,30.000,-0.0115004
1636,1636,29.999,30.000,-0.00891235
1637,1637,29.999,30.000,-0.00511911
1638,1638,30.000,30.000,-0.00196887
1639,1639,30.000,30.000,0.000443288
1640,1640,30.000,30.000,0.000405486
1641,1641,30.000,30.000,-0.000628757
1642,1642,30.000,30.000,-0.00254437
1643,1643,29.999,30.000,-0.00504881
1644,1644,29.999,30.000,-0.00805289
1645,1645,29.998,30.000,-0.0113839
1646,1646,29.998,30.000,-0.0146872
1647,1647,29.997,30.000,-0.01795
1648,1648,29.997,30.000,-0.0212323
1649,1649,29.996,30.000,-0.024479
1650,1650,29.995,30.000,-0.0276391
1651,1651,29.995,30.000,-0.0307602
1652,1652,29.994,30.000,-0.0335217
1653,1653,29.994,30.000,-0.0360924
1654,1654,29.994,30.000,-0.0383646
1655,1655,29.993,30.000,-0.0404378
1656,1656,29.993,30.000,-0.0423169
1657,1657,29.993,30.000,-0.0441477
1658,1658,29.992,30.000,-0.0457531
1659,1659,29.992,30.000,-0.0472427
1660,1660,29.992,30.000,-0.0486757
1661,1661,29.992,30.000,-0.0500568
1662,1662,29.992,30.000,-0.0509136
1663,1663,29.992,30.000,-0.0515688
1664,1664,29.991,30.000,-0.0518121
1665,1665,29.991,30.000,-0.0520727
1666,1666,29.991,30.000,-0.0522648
1667,1667,29.991,30.000,-0.0524541
1668,1668,29.991,30.000,-0.0525288
1669,1669,29.991,30.000,-0.0525949
1670,1670,29.991,30.000,-0.0525517
1671,1671,29.991,30.000,-0.052487
1672,1672,29.991,30.000,-0.0522614
1673,1673,29.991,30.000,-0.0520344
1674,1674,29.991,30.000,-0.0517968
1675,1675,29.992,30.000,-0.0515378
1676,1676,29.992,30.000,-0.0511789
1677,1677,29.992,30.000,-0.0508477
1678,1678,29.992,30.000,-0.0504472
1679,1679,29.992,30.000,-0.0499977
1680,1680,29.992,30.000,-0.0495037
1681,1681,29.992,30.000,-0.0490343
1682,1682,29.992,30.000,-0.0485458
1683,1683,29.992,30.000,-0.0480409
1684,1684,29.992,30.000,-0.0475005
1685,1685,29.992,30.000,-0.046967
1686,1686,29.992,30.000,-0.0464206
1687,1687,29.992,30.000,-0.0458624
1688,1688,29.993,30.000,-0.0452429
1689,1689,29.993,30.000,-0.0446426
1690,1690,29.993,30.000,-0.0440387
1691,1691,29.993,30.000,-0.0434262
1692,1692,29.993,30.000,-0.0427925
1693,1693,29.993,30.000,-0.0421795
1694,1694,29.993,30.000,-0.0415679
1695,1695,29.993,30.000,-0.0409559
1696,1696,29.993,30.000,-0.0403607
1697,1697,29.993,30.000,-0.0397482
1698,1698,29.994,30.000,-0.0391385
1699,1699,29.994,30.000,-0.0385393
1700,1700,29.994,30.000,-0.0379193
1701,1701,29.994,30.000,-0.0373047
1702,1702,29.994,30.000,-0.0366968
1703,1703,29.994,30.000,-0.0360944
1704,1704,29.994,30.000,-0.0354706
1705,1705,29.994,30.000,-0.0348659
1706,1706,29.994,30.000,-0.0342624
1707,1707,29.994,30.000,-0.0336544
1708,1708,29.995,30.000,-0.0330616
1709,1709,29.995,30.000,-0.0324631
1710,1710,29.995,30.000,-0.0318716
1711,1711,29.995,30.000,-0.0313003
1712,1712,29.995,30.000,-0.0307514
1713,1713,29.995,30.000,-0.0301822
1714,1714,29.995,30.000,-0.0296183
1715,1715,29.995,30.000,-0.0290638
1716,1716,29.995,30.000,-0.0285125
1717,1717,29.995,30.000,-0.027948
1718,1718,29.995,30.000,-0.0273788
1719,1719,29.996,30.000,-0.0268161
1720,1720,29.996,30.000,-0.0262429
1721,1721,29.996,30.000,-0.0256788
1722,1722,29.996,30.000,-0.0251328
1723,1723,29.996,30.000,-0.0245911
1724,1724,29.996,30.000,-0.0240681
1725,1725,29.996,30.000,-0.0235547
1726,1726,29.996,30.000,-0.0230569
1727,1727,29.996,30.000,-0.0225587
1728,1728,29.996,30.000,-0.0220587
1729,1729,29.996,30.000,-0.0215657
1730,1730,29.997,30.000,-0.0210666
1731,1731,29.997,30.000,-0.0205588
1732,1732,29.997,30.000,-0.0200581
1733,1733,29.997,30.000,-0.0195483
1734,1734,29.997,30.000,-0.0190302
1735,1735,29.997,30.000,-0.0185083
1736,1736,29.997,30.000,-0.018007
1737,1737,29.997,30.000,-0.0175245
1738,1738,29.997,30.000,-0.0170578
1739,1739,29.997,30.000,-0.0166092
1740,1740,29.997,30.000,-0.0161546
1741,1741,29.997,30.000,-0.0156937
1742,1742,29.997,30.000,-0.0152474
1743,1743,29.998,30.000,-0.0148097
1744,1744,29.998,30.000,-0.0143722
1745,1745,29.998,30.000,-0.0139176
1746,1746,29.998,30.000,-0.0134715
1747,1747,29.998,30.000,-0.0130361
1748,1748,29.998,30.000,-0.0125911
1749,1749,29.998,30.000,-0.0121681
1750,1750,29.998,30.000,-0.0117451
