t_s,exp_50s_Jg,exp_500s_Jg,phenom_50s_Jg,phenom_500s_Jg,tnm_50s_Jg,tnm_500s_Jg
0.1,0.0,3.0168,0.2482011908526029,3.173748404479393,0.7412848056250314,3.093453246553615
0.12263306841775631,0.008622921193612037,3.025714843004854,0.26948936676208707,3.1741802638490357,0.7447200552315703,3.0954212847569904
0.150388694695541,0.019291750513601345,3.0367448566507806,0.29286221633549253,3.174709714582147,0.7486799204685575,3.0976899914898417
0.18442627085855343,0.03237526327295747,3.0502713008316773,0.31793667167512857,3.175358720511061,0.7532440294636422,3.100305042466523
0.22616759492228639,0.04841997642658454,3.066859194378526,0.3453458551283057,3.176154262968162,0.7585039353744282,3.1033189666500864
0.27735626141984143,0.0680961004857048,3.087201437220898,0.3748409478179185,3.1771292554831754,0.7645648490643965,3.106792146285176
0.3401304938279251,0.0922255351650883,3.11214775380349,0.4069362446827494,3.1783240959820125,0.7715476057091701,3.1107939533876556
0.4171124612056518,0.12181620130427455,3.1427401872859297,0.4415769815316363,3.1797880390799174,0.7795908911831316,3.1154040382782293
0.5115178099293143,0.17073660935672014,3.177395787772534,0.47909391880392393,3.1815814049230102,0.7888537543281777,3.120713786132358
0.6272899858196247,0.34004662245452155,3.1951382037288965,0.5197025259039403,3.1837777687649553,0.799518431269345,3.1268279578626617
0.7692649574879142,0.5476766866548605,3.2168962728276247,0.5634659769965834,3.1864668003385677,0.8117935061153354,3.1338665309988785
0.9433732216299776,0.853126055416537,3.1962802763960276,0.6109660485835016,3.189758147267113,0.8259174290484032,3.1419667548239723
1.156887528316282,0.9747678347433701,3.1939820274039668,0.6618903467716859,3.1937841634319497,0.84216240649786,3.151285431044625
1.418726674116596,1.005963488639185,3.206485177369768,0.7173069726133979,3.198707779637109,0.8608386680960922,3.16200142634115
1.739828052930364,1.0442196762246065,3.2218181738217035,0.7763906644064057,3.204722116494945,0.8822991004052851,3.1743184156917157
2.133604526501411,1.0911344129202616,3.240621497851098,0.8408443656005966,3.212068461145724,0.9069442156847363,3.1884678441088403
2.616504698748821,1.1486673940702543,3.2636805910728777,0.9091571390809191,3.221023362851724,0.9352273939041919,3.2047120786101795
3.20869999737045,1.2192218542067,3.291958664640057,0.9835557691801566,3.2319400962716376,0.9676602949883654,3.2233477002528694
3.934927263095849,1.3057449535776058,3.3266369339449193,1.0625074237621532,3.245210923733002,1.0048182828093255,3.2447088560792503
4.825522042741279,1.411850885226292,3.369163959667645,1.147981401046867,3.261338689154659,1.047345630026482,3.269170551199564
5.917685748188824,1.4894271091170848,3.387325720340867,1.2388200914847434,3.280869496348332,1.0959601788045683,3.297151709078962
7.2570396123242125,1.5724766497964475,3.401780714254873,1.3365009244016812,3.3044939092480954,1.151457014068284,3.3291177615401932
8.899530352885229,1.674322849838403,3.4195073168312184,1.4404320196594973,3.332951789520408,1.21471055921478,3.3655824461487267
10.913767146512738,1.7541065040318586,3.4406987105906253,1.551365912317764,3.3671375610544896,1.2866743270970837,3.407108385516967
13.383887531737564,1.7825907751407575,3.46584498117895,1.6694902055430558,3.408021895794425,1.368377352384049,3.4543058998475806
16.413071953751285,1.817521910818033,3.4966826243940448,1.7945427188841436,3.4566490692718643,1.4609160989183532,3.507829361203548
20.127853758499384,1.8603590343322451,3.534499772496435,1.9277489107249535,3.514254104708466,1.56544038940041,3.568370240149644
24.683404670686485,1.912891513319628,3.580876101602484,2.0674802502992766,3.581820275097631,1.6831316656014244,3.6366458318252675
30.270016537634614,1.9773137042177686,3.637748817004749,2.216305518676768,3.660897551353144,1.8151716907347049,3.713382496421237
37.12105009066361,2.056316613658103,3.707493572995044,2.3708157009355535,3.7519158871411116,1.9626997059556845,3.799292136836915
45.5226827550731,2.1532003056440865,3.79302370732642,2.535274390418588,3.8568758034330295,2.1267561261835275,3.895040606057418
55.82586268862695,2.3076969988551816,3.9011811072915292,2.7040225127905537,3.974755362096076,2.30821120872572,4.001206848683395
68.46096838574658,2.5305283493289643,4.036874668475224,2.882598036428728,4.107964863663671,2.507677875994197,4.118231913623494
83.95578619995112,2.803793271811688,4.203279846200115,3.0650187616822513,4.253857210010347,2.7254091610063114,4.246357624730234
102.95755673125127,3.1020720206937087,4.387224566195273,3.2557502767899056,4.41429508850159,2.961182705628035,4.38555576882283
126.26001098748564,3.2208390298979634,4.477851047832368,3.449774961624447,4.585256043702812,3.214177471444211,4.535450254192906
154.8365256585499,3.36648665755314,4.588989083062992,3.6496952810305494,4.767107501540537,3.482851324052791,4.695236866317836
189.88078244652633,3.545098812424352,4.725281065845514,3.8519876062898724,4.955160912162008,3.764832264833506,4.863607973559533
232.85662984981965,3.7641363785099946,4.89242010633912,4.05691992850016,5.147402245010325,4.056840411106513,5.0386926352624695
285.5592301990109,4.032748866788388,5.097387840220426,4.262915290086916,5.339809462255865,4.354661655015617,5.2180256331351
350.1900461431713,4.362156603317469,5.348746061545412,4.467506708665764,5.527399516613159,4.653196196934484,5.398561283964084
429.4487988789272,4.766119418228556,5.656994361076536,4.671499584494497,5.708509917685515,4.946604449275352,5.576748469352199
526.6462393484276,5.138729405902694,5.945735947107471,4.8694512856838115,5.87531249117284,5.228567526177943,5.74868083059832
645.8424430196978,5.197416921589173,6.0102636095621,5.064897992259104,6.029951847659365,5.492668114102357,5.910329139222782
792.0164050192549,5.269387222853653,6.089395862008464,5.249443008809174,6.16285300926062,5.732878929150648,6.057850418994273
971.2740198471167,5.357646611643789,6.186438171291526,5.42952040920398,6.280426566278021,5.94412046602328,6.187950443079186
1191.103133283008,5.3718,6.202,5.594156101555455,6.373242517267909,6.122819953214764,6.298254697257199
1460.686320364989,5.3718,6.202,5.751490574113194,6.450155439462571,6.2673756030216285,6.387622622086225
1791.2844546220022,5.3718,6.202,5.891966558295776,6.506146996535547,6.3784150841018805,6.456328997376951
2196.7070907932352,5.3718,6.202,6.021719310365097,6.54829911864915,6.4587486907505545,6.506044702055205
2693.88930959017,5.3718,6.202,6.134819750398604,6.576342562427449,6.512968210550377,6.5395845451901184
3303.5991201283396,5.3718,6.202,6.234928062647867,6.5949712053297,6.54673245554512,6.560451064781407
4051.304969235378,5.3718,6.202,6.319781202295265,6.606106670749432,6.565887191163518,6.57227313743447
4968.2395947343875,5.3718,6.202,6.391154377613011,6.612415668325895,6.575643350173267,6.578285152743561
6092.704661368674,5.3718,6.202,6.449714068053114,6.615733825607429,6.580030977144399,6.580984458677309
7471.670675868082,5.3718,6.202,6.496055655369209,6.617269485422998,6.5817405135047,6.58203445310232
9162.739011886732,5.3718,6.202,6.532664577554587,6.617961803808437,6.582305214125893,6.582380752912413
11236.548001387515,5.3718,6.202,6.559596026931806,6.618209626200484,6.582459495610623,6.582475231579284
13779.723598335568,5.3718,6.202,6.579952121127563,6.618302310145748,6.582493387456353,6.582495960389913
16898.497868124585,5.3718,6.202,6.593676132531808,6.6183262643123095,6.5824991833622,6.582499501513729
20723.146452190296,5.3718,6.202,6.603526623250808,6.61833339692032,6.582499926905977,6.582499955408977
25413.43036702639,5.3718,6.202,6.609511314193008,6.618334616994835,6.582499995487003,6.582499997247834
31165.2694492943,5.3718,6.202,6.613504519153027,6.618334887925032,6.582499999818438,6.582499999889288
38218.92620633123,5.3718,6.202,6.61572259943337,6.618334919697063,6.582499999995553,6.582499999997292
46869.04192314192,5.3718,6.202,6.617045849656323,6.618334924040737,6.582499999999934,6.582499999999956
57476.944248353466,5.3718,6.202,6.617717354934362,6.618334924390449,6.5825,6.5825
70485.74036451904,5.3718,6.202,6.618064374127896,6.618334924414294,6.5825,6.5825
86438.82620598261,5.3718,6.202,6.618223195154144,6.618334924415552,6.5825,6.5825
106002.58488068824,5.3718,6.202,6.618292180704136,6.618334924415587,6.5825,6.5825
129994.22244132448,5.3718,6.202,6.61832022279777,6.618334924415588,6.5825,6.5825
159415.90374559996,5.3718,6.202,6.618330099921079,6.618334924415588,6.5825,6.5825
195496.61430912596,5.3718,6.202,6.61833360071792,6.618334924415588,6.5825,6.5825
239743.49678010785,5.3718,6.202,6.6183345590150315,6.618334924415588,6.5825,6.5825
294004.80643347075,5.3718,6.202,6.618334848609413,6.618334924415588,6.5825,6.5825
360547.1154250506,5.3718,6.202,6.618334907194472,6.618334924415588,6.5825,6.5825
442149.9907374487,5.3718,6.202,6.6183349218853875,6.618334924415588,6.5825,6.5825
542222.1006501592,5.3718,6.202,6.618334923954461,6.618334924415588,6.5825,6.5825
664943.5996665045,5.3718,6.202,6.618334924365978,6.618334924415588,6.5825,6.5825
815440.739518517,5.3718,6.202,6.6183349244093,6.618334924415588,6.5825,6.5825
1000000.0,5.3718,6.202,6.618334924415077,6.618334924415588,6.5825,6.5825
